id,FirstName,LastName,Major,Season,Year,email
1,Estel,Tincombe,Turquoise,WINTER,2024,Estel.Tincombe@email.com
2,Cam,Crumley,Crimson,SPRING,2024,Cam.Crumley@email.com
3,Rhonda,Locock,Khaki,SPRING,2022,Rhonda.Locock@email.com
4,Phil,Guiso,Yellow,SPRING,2023,Phil.Guiso@email.com
5,Ida,Sizland,Pink,WINTER,2022,Ida.Sizland@email.com
6,Dorris,Whybray,Blue,WINTER,2022,Dorris.Whybray@email.com
7,Cynde,Mathet,Yellow,FALL,2023,Cynde.Mathet@email.com
8,Dillie,McKeeman,Blue,FALL,2025,Dillie.McKeeman@email.com
9,Cyrillus,Abrahami,Red,SUMMER,2022,Cyrillus.Abrahami@email.com
10,Kalila,Danilovic,Yellow,FALL,2024,Kalila.Danilovic@email.com
11,Niccolo,Smitham,Red,WINTER,2022,Niccolo.Smitham@email.com
12,Yvon,Bayless,Khaki,WINTER,2024,Yvon.Bayless@email.com
13,Catlin,Ebbin,Turquoise,WINTER,2024,Catlin.Ebbin@email.com
14,Kathye,Maidlow,Orange,WINTER,2024,Kathye.Maidlow@email.com
15,Sophey,Keigher,Orange,FALL,2024,Sophey.Keigher@email.com
16,Jarad,Tague,Green,SPRING,2023,Jarad.Tague@email.com
17,Kendal,Greenslade,Crimson,SUMMER,2022,Kendal.Greenslade@email.com
18,Laurence,Dorken,Aquamarine,SUMMER,2025,Laurence.Dorken@email.com
19,Alonso,Pryde,Purple,WINTER,2024,Alonso.Pryde@email.com
20,Jodi,Philpots,Green,FALL,2022,Jodi.Philpots@email.com
21,Christel,Ivashkov,Crimson,FALL,2024,Christel.Ivashkov@email.com
22,Winona,Hardbattle,Pink,FALL,2022,Winona.Hardbattle@email.com
23,Melesa,Ridesdale,Teal,WINTER,2025,Melesa.Ridesdale@email.com
24,Del,Padwick,Puce,FALL,2025,Del.Padwick@email.com
25,Zena,Joberne,Turquoise,WINTER,2025,Zena.Joberne@email.com
26,Emelen,Tordoff,Purple,SPRING,2022,Emelen.Tordoff@email.com
27,Goldie,Petford,Khaki,SUMMER,2022,Goldie.Petford@email.com
28,Lauraine,Struan,Teal,FALL,2023,Lauraine.Struan@email.com
29,Jacquelin,Capeloff,Maroon,SUMMER,2025,Jacquelin.Capeloff@email.com
30,Cynthia,Fraine,Puce,FALL,2025,Cynthia.Fraine@email.com
31,Almeria,O'Lagene,Purple,FALL,2024,Almeria.O'Lagene@email.com
32,Odelinda,Philippeaux,Pink,SPRING,2024,Odelinda.Philippeaux@email.com
33,Brande,Joney,Turquoise,WINTER,2025,Brande.Joney@email.com
34,Ogdon,Quodling,Indigo,SUMMER,2023,Ogdon.Quodling@email.com
35,Ted,Digle,Violet,WINTER,2023,Ted.Digle@email.com
36,Terrence,Gorvette,Turquoise,FALL,2023,Terrence.Gorvette@email.com
37,Mathilde,O'Shiel,Violet,WINTER,2025,Mathilde.O'Shiel@email.com
38,Korney,Sparling,Goldenrod,SPRING,2023,Korney.Sparling@email.com
39,Horton,Greenrodd,Fuscia,FALL,2022,Horton.Greenrodd@email.com
40,Sauveur,Rodrigo,Indigo,SPRING,2024,Sauveur.Rodrigo@email.com
41,Leah,Exposito,Red,WINTER,2025,Leah.Exposito@email.com
42,Torry,Roisen,Indigo,FALL,2023,Torry.Roisen@email.com
43,Bendix,Norquoy,Pink,SPRING,2024,Bendix.Norquoy@email.com
44,Blisse,Reilingen,Blue,WINTER,2024,Blisse.Reilingen@email.com
45,Barbey,Groundwator,Teal,FALL,2025,Barbey.Groundwator@email.com
46,Evonne,Daen,Maroon,FALL,2025,Evonne.Daen@email.com
47,Raleigh,Darnody,Goldenrod,WINTER,2022,Raleigh.Darnody@email.com
48,Alli,Venable,Maroon,SUMMER,2022,Alli.Venable@email.com
49,Tina,McCahey,Maroon,FALL,2023,Tina.McCahey@email.com
50,Portie,Blaes,Yellow,SPRING,2025,Portie.Blaes@email.com
51,Paige,Giffard,Indigo,FALL,2022,Paige.Giffard@email.com
52,Drusy,Barchrameev,Maroon,WINTER,2023,Drusy.Barchrameev@email.com
53,Quincy,Hanvey,Crimson,WINTER,2025,Quincy.Hanvey@email.com
54,Karine,Chill,Pink,SPRING,2023,Karine.Chill@email.com
55,Tim,Rama,Yellow,FALL,2024,Tim.Rama@email.com
56,Ward,Farnon,Khaki,SPRING,2024,Ward.Farnon@email.com
57,Kristos,Bough,Blue,SPRING,2024,Kristos.Bough@email.com
58,Slade,Benley,Goldenrod,SUMMER,2024,Slade.Benley@email.com
59,Aloisia,Rude,Yellow,SPRING,2023,Aloisia.Rude@email.com
60,Booth,Charlson,Turquoise,WINTER,2025,Booth.Charlson@email.com
61,Rowe,Domange,Green,FALL,2025,Rowe.Domange@email.com
62,Cacilia,Janicijevic,Turquoise,FALL,2025,Cacilia.Janicijevic@email.com
63,Michele,Labitt,Maroon,SUMMER,2022,Michele.Labitt@email.com
64,Addia,St Angel,Orange,WINTER,2024,Addia.St Angel@email.com
65,Avie,Malam,Violet,FALL,2022,Avie.Malam@email.com
66,Charles,Heustace,Maroon,SPRING,2024,Charles.Heustace@email.com
67,Patience,Kerss,Turquoise,SPRING,2023,Patience.Kerss@email.com
68,Dominik,Bocken,Purple,WINTER,2024,Dominik.Bocken@email.com
69,Fabien,Annett,Goldenrod,WINTER,2025,Fabien.Annett@email.com
70,Eugen,Shervil,Mauv,SUMMER,2024,Eugen.Shervil@email.com
71,Harrie,Kepp,Yellow,WINTER,2023,Harrie.Kepp@email.com
72,Nat,Hakking,Aquamarine,SUMMER,2022,Nat.Hakking@email.com
73,Eyde,Hamal,Violet,SPRING,2023,Eyde.Hamal@email.com
74,Haskel,Tonsley,Yellow,WINTER,2025,Haskel.Tonsley@email.com
75,Cordell,Howieson,Aquamarine,SUMMER,2022,Cordell.Howieson@email.com
76,Raffarty,Daber,Teal,FALL,2024,Raffarty.Daber@email.com
77,Lorettalorna,Bresson,Khaki,SUMMER,2022,Lorettalorna.Bresson@email.com
78,Mufi,Nani,Yellow,SPRING,2022,Mufi.Nani@email.com
79,Skipp,Rampley,Indigo,FALL,2024,Skipp.Rampley@email.com
80,Pauletta,Ranvoise,Yellow,FALL,2024,Pauletta.Ranvoise@email.com
81,Kati,Erwin,Puce,WINTER,2023,Kati.Erwin@email.com
82,Darda,Ivanishev,Indigo,SUMMER,2022,Darda.Ivanishev@email.com
83,Jedediah,Ridgewell,Orange,WINTER,2024,Jedediah.Ridgewell@email.com
84,Miltie,Hugland,Blue,SUMMER,2024,Miltie.Hugland@email.com
85,Joya,Nassy,Khaki,SUMMER,2022,Joya.Nassy@email.com
86,Odey,Scafe,Turquoise,SPRING,2022,Odey.Scafe@email.com
87,Amalle,Orrett,Purple,SPRING,2023,Amalle.Orrett@email.com
88,Hewett,Rizzardini,Yellow,WINTER,2023,Hewett.Rizzardini@email.com
89,Meghan,Lonergan,Teal,SPRING,2025,Meghan.Lonergan@email.com
90,Ermengarde,Caberas,Goldenrod,WINTER,2024,Ermengarde.Caberas@email.com
91,Melina,Webley,Indigo,FALL,2025,Melina.Webley@email.com
92,Augustine,Parramore,Crimson,SPRING,2022,Augustine.Parramore@email.com
93,Margo,January,Indigo,SUMMER,2023,Margo.January@email.com
94,Wells,MacKimm,Mauv,SPRING,2024,Wells.MacKimm@email.com
95,Bradney,Mineghelli,Puce,SUMMER,2024,Bradney.Mineghelli@email.com
96,Georas,Seres,Mauv,SPRING,2025,Georas.Seres@email.com
97,Gavrielle,Cordaroy,Puce,SUMMER,2025,Gavrielle.Cordaroy@email.com
98,Maureen,Caslett,Purple,SPRING,2025,Maureen.Caslett@email.com
99,Alexandros,Bleibaum,Fuscia,SUMMER,2022,Alexandros.Bleibaum@email.com
100,Kristien,Bollins,Red,SUMMER,2025,Kristien.Bollins@email.com
101,Hartwell,Burfitt,Blue,SPRING,2022,Hartwell.Burfitt@email.com
102,Waite,Accombe,Puce,SUMMER,2022,Waite.Accombe@email.com
103,Juliana,Faye,Goldenrod,SPRING,2022,Juliana.Faye@email.com
104,Auberon,Berrie,Orange,WINTER,2022,Auberon.Berrie@email.com
105,Heall,Gerling,Red,FALL,2023,Heall.Gerling@email.com
106,Tiffany,Croall,Purple,SPRING,2025,Tiffany.Croall@email.com
107,Britteny,Goundrill,Teal,SUMMER,2024,Britteny.Goundrill@email.com
108,Sid,Markovic,Indigo,SUMMER,2025,Sid.Markovic@email.com
109,Gene,Killingback,Yellow,SPRING,2024,Gene.Killingback@email.com
110,Tades,Lippiett,Yellow,SUMMER,2025,Tades.Lippiett@email.com
111,Nonnah,Ubank,Red,SUMMER,2025,Nonnah.Ubank@email.com
112,Siusan,Lampe,Goldenrod,SUMMER,2024,Siusan.Lampe@email.com
113,Cherish,Guiver,Crimson,SUMMER,2024,Cherish.Guiver@email.com
114,Norine,Blaiklock,Goldenrod,WINTER,2022,Norine.Blaiklock@email.com
115,Gilbert,Friend,Violet,SUMMER,2024,Gilbert.Friend@email.com
116,Leelah,McNeillie,Khaki,SUMMER,2024,Leelah.McNeillie@email.com
117,Clair,Kivelle,Red,SPRING,2023,Clair.Kivelle@email.com
118,Lonnie,Knee,Goldenrod,SUMMER,2025,Lonnie.Knee@email.com
119,Dionisio,Soloway,Maroon,FALL,2022,Dionisio.Soloway@email.com
120,Eli,Yegoshin,Indigo,SPRING,2025,Eli.Yegoshin@email.com
121,Oona,Loweth,Aquamarine,FALL,2024,Oona.Loweth@email.com
122,Lizzy,Tomalin,Violet,WINTER,2024,Lizzy.Tomalin@email.com
123,Keary,Manifield,Red,FALL,2023,Keary.Manifield@email.com
124,Marven,Briztman,Yellow,SUMMER,2023,Marven.Briztman@email.com
125,Sigfrid,Avramovic,Puce,SUMMER,2024,Sigfrid.Avramovic@email.com
126,Laetitia,Casaletto,Turquoise,FALL,2024,Laetitia.Casaletto@email.com
127,Daniela,Ten Broek,Mauv,WINTER,2022,Daniela.Ten Broek@email.com
128,Tammi,Craig,Red,WINTER,2025,Tammi.Craig@email.com
129,Guilbert,Rathborne,Goldenrod,FALL,2022,Guilbert.Rathborne@email.com
130,Storm,Fisbburne,Orange,WINTER,2025,Storm.Fisbburne@email.com
131,Torre,Laxton,Aquamarine,FALL,2025,Torre.Laxton@email.com
132,Onofredo,Pearcy,Puce,FALL,2022,Onofredo.Pearcy@email.com
133,Birgitta,McGlone,Fuscia,SUMMER,2022,Birgitta.McGlone@email.com
134,Raff,Yelland,Turquoise,FALL,2022,Raff.Yelland@email.com
135,Teddie,Rylatt,Fuscia,SUMMER,2022,Teddie.Rylatt@email.com
136,Alaster,Canniffe,Crimson,WINTER,2025,Alaster.Canniffe@email.com
137,Debbie,Laurie,Crimson,WINTER,2025,Debbie.Laurie@email.com
138,Leelah,Musker,Fuscia,SPRING,2024,Leelah.Musker@email.com
139,Zenia,Bernardino,Khaki,FALL,2023,Zenia.Bernardino@email.com
140,Enrichetta,Lampett,Maroon,SPRING,2024,Enrichetta.Lampett@email.com
141,Timothea,Clemits,Goldenrod,SUMMER,2025,Timothea.Clemits@email.com
142,Margalo,Storah,Khaki,SUMMER,2022,Margalo.Storah@email.com
143,Wheeler,Jurca,Yellow,WINTER,2025,Wheeler.Jurca@email.com
144,Hayward,Aimer,Blue,SPRING,2022,Hayward.Aimer@email.com
145,Alistair,Hyams,Green,SUMMER,2022,Alistair.Hyams@email.com
146,Katharyn,Domel,Indigo,SUMMER,2022,Katharyn.Domel@email.com
147,Otto,Busse,Pink,SUMMER,2023,Otto.Busse@email.com
148,Henderson,Pettis,Orange,SPRING,2022,Henderson.Pettis@email.com
149,Colan,Minchinden,Indigo,SPRING,2025,Colan.Minchinden@email.com
150,Bart,Espley,Crimson,FALL,2025,Bart.Espley@email.com
151,Christine,McGaffey,Crimson,SUMMER,2023,Christine.McGaffey@email.com
152,Queenie,Baelde,Indigo,SUMMER,2022,Queenie.Baelde@email.com
153,Jesse,Smitton,Fuscia,SUMMER,2022,Jesse.Smitton@email.com
154,Tracey,Schutze,Violet,SPRING,2025,Tracey.Schutze@email.com
155,Sarine,Sussans,Crimson,WINTER,2022,Sarine.Sussans@email.com
156,Austin,Tratton,Fuscia,SUMMER,2024,Austin.Tratton@email.com
157,Legra,Spragg,Crimson,SPRING,2025,Legra.Spragg@email.com
158,Maryanne,Dowse,Mauv,SUMMER,2024,Maryanne.Dowse@email.com
159,Aleece,Mattiussi,Violet,SUMMER,2022,Aleece.Mattiussi@email.com
160,Selene,Girkins,Blue,FALL,2025,Selene.Girkins@email.com
161,Mark,Fuzzard,Aquamarine,FALL,2025,Mark.Fuzzard@email.com
162,Letty,Mesant,Blue,SUMMER,2023,Letty.Mesant@email.com
163,Ebonee,Mouatt,Puce,WINTER,2025,Ebonee.Mouatt@email.com
164,Trista,Berkeley,Turquoise,SPRING,2022,Trista.Berkeley@email.com
165,Milt,Pallis,Red,SPRING,2023,Milt.Pallis@email.com
166,Asa,Neesam,Indigo,SPRING,2024,Asa.Neesam@email.com
167,Orelie,Downes,Blue,SUMMER,2024,Orelie.Downes@email.com
168,Annalee,Longbone,Maroon,SUMMER,2025,Annalee.Longbone@email.com
169,Teena,Kadd,Mauv,FALL,2024,Teena.Kadd@email.com
170,Bunny,Parsley,Yellow,WINTER,2023,Bunny.Parsley@email.com
171,Aprilette,Castella,Maroon,WINTER,2022,Aprilette.Castella@email.com
172,Nilson,Kepp,Fuscia,SPRING,2024,Nilson.Kepp@email.com
173,Donnajean,Goode,Khaki,SUMMER,2022,Donnajean.Goode@email.com
174,Raina,Thing,Goldenrod,SPRING,2023,Raina.Thing@email.com
175,Spense,Gillings,Red,WINTER,2025,Spense.Gillings@email.com
176,Delmor,Bonallack,Green,FALL,2023,Delmor.Bonallack@email.com
177,Nate,Rafe,Turquoise,SPRING,2024,Nate.Rafe@email.com
178,Stanfield,Castilla,Purple,SPRING,2023,Stanfield.Castilla@email.com
179,Arther,Slatcher,Puce,FALL,2023,Arther.Slatcher@email.com
180,Gifford,Breznovic,Maroon,SPRING,2024,Gifford.Breznovic@email.com
181,Leticia,Gostall,Violet,SUMMER,2025,Leticia.Gostall@email.com
182,Mona,Lempke,Goldenrod,SPRING,2025,Mona.Lempke@email.com
183,Rois,Jeays,Aquamarine,WINTER,2023,Rois.Jeays@email.com
184,Valentina,Minelli,Puce,FALL,2025,Valentina.Minelli@email.com
185,Bethany,Bleddon,Maroon,WINTER,2024,Bethany.Bleddon@email.com
186,Chancey,Nelsey,Blue,FALL,2023,Chancey.Nelsey@email.com
187,Ingar,Speachley,Aquamarine,WINTER,2025,Ingar.Speachley@email.com
188,Malva,L'Hommee,Teal,SUMMER,2024,Malva.L'Hommee@email.com
189,Carine,Carless,Blue,WINTER,2025,Carine.Carless@email.com
190,Alistair,Ostrich,Crimson,SPRING,2025,Alistair.Ostrich@email.com
191,Odele,Andryunin,Red,SPRING,2023,Odele.Andryunin@email.com
192,Celine,Aspray,Teal,WINTER,2025,Celine.Aspray@email.com
193,Ransell,Frankom,Puce,FALL,2023,Ransell.Frankom@email.com
194,Fairlie,Willishire,Yellow,SUMMER,2022,Fairlie.Willishire@email.com
195,Richmond,Reneke,Pink,FALL,2025,Richmond.Reneke@email.com
196,Florrie,Walasik,Khaki,WINTER,2025,Florrie.Walasik@email.com
197,Eddy,Burthom,Goldenrod,SPRING,2023,Eddy.Burthom@email.com
198,Carrissa,Brands,Green,FALL,2023,Carrissa.Brands@email.com
199,Donny,Dimbleby,Blue,WINTER,2022,Donny.Dimbleby@email.com
200,Leeann,Dew,Blue,SPRING,2025,Leeann.Dew@email.com
201,Tedmund,Blakeston,Pink,FALL,2022,Tedmund.Blakeston@email.com
202,Darrin,Wall,Aquamarine,SUMMER,2025,Darrin.Wall@email.com
203,Alli,Plaister,Purple,WINTER,2022,Alli.Plaister@email.com
204,Andris,Quennell,Green,FALL,2025,Andris.Quennell@email.com
205,Grayce,Walder,Indigo,SPRING,2023,Grayce.Walder@email.com
206,Alair,Honack,Maroon,SPRING,2023,Alair.Honack@email.com
207,Arlyn,Doorey,Purple,WINTER,2022,Arlyn.Doorey@email.com
208,Lindsey,Avery,Aquamarine,FALL,2024,Lindsey.Avery@email.com
209,Brook,Rollason,Violet,SUMMER,2024,Brook.Rollason@email.com
210,Katuscha,Pickworth,Goldenrod,SPRING,2023,Katuscha.Pickworth@email.com
211,Ines,Vasilevich,Green,SUMMER,2023,Ines.Vasilevich@email.com
212,Harlan,Zamorrano,Blue,WINTER,2024,Harlan.Zamorrano@email.com
213,Ramsay,Corrington,Puce,FALL,2023,Ramsay.Corrington@email.com
214,Bibi,Dabrowski,Fuscia,WINTER,2023,Bibi.Dabrowski@email.com
215,Vinita,Stener,Maroon,FALL,2023,Vinita.Stener@email.com
216,Norton,Ayllett,Turquoise,WINTER,2025,Norton.Ayllett@email.com
217,Lorraine,Harcombe,Aquamarine,SPRING,2024,Lorraine.Harcombe@email.com
218,Toddy,Jaeggi,Pink,SPRING,2023,Toddy.Jaeggi@email.com
219,Cherilyn,Coster,Fuscia,WINTER,2024,Cherilyn.Coster@email.com
220,Brandtr,MacKinnon,Indigo,SUMMER,2024,Brandtr.MacKinnon@email.com
221,Omero,Izkovitch,Goldenrod,FALL,2023,Omero.Izkovitch@email.com
222,Claude,De Cruce,Teal,FALL,2023,Claude.De Cruce@email.com
223,Gamaliel,Caplan,Mauv,WINTER,2022,Gamaliel.Caplan@email.com
224,Deeyn,Dymott,Puce,WINTER,2023,Deeyn.Dymott@email.com
225,Tremaine,Torpie,Blue,WINTER,2024,Tremaine.Torpie@email.com
226,Carina,Eastbury,Khaki,SUMMER,2023,Carina.Eastbury@email.com
227,Tish,Dafforne,Mauv,FALL,2024,Tish.Dafforne@email.com
228,Luisa,Arlott,Crimson,SUMMER,2023,Luisa.Arlott@email.com
229,Berte,Derisley,Indigo,SPRING,2025,Berte.Derisley@email.com
230,Glen,McLenaghan,Aquamarine,SPRING,2025,Glen.McLenaghan@email.com
231,Blayne,Leynagh,Fuscia,SPRING,2024,Blayne.Leynagh@email.com
232,Jeannie,Siret,Goldenrod,SUMMER,2024,Jeannie.Siret@email.com
233,Gae,Kos,Green,WINTER,2024,Gae.Kos@email.com
234,Kathie,Atter,Khaki,SUMMER,2025,Kathie.Atter@email.com
235,Robert,Ferrao,Green,SPRING,2022,Robert.Ferrao@email.com
236,Parry,Adamovsky,Red,SUMMER,2024,Parry.Adamovsky@email.com
237,Nicholas,Beachamp,Teal,SPRING,2024,Nicholas.Beachamp@email.com
238,Robinetta,Welden,Purple,FALL,2025,Robinetta.Welden@email.com
239,Barnabas,Stud,Puce,FALL,2022,Barnabas.Stud@email.com
240,Gradey,Squibe,Crimson,SUMMER,2022,Gradey.Squibe@email.com
241,Tibold,Hansbury,Crimson,SUMMER,2023,Tibold.Hansbury@email.com
242,Opal,Kane,Puce,SPRING,2022,Opal.Kane@email.com
243,Miller,Dogerty,Violet,FALL,2025,Miller.Dogerty@email.com
244,Tadd,Lighton,Mauv,WINTER,2022,Tadd.Lighton@email.com
245,Sandi,Antoniutti,Goldenrod,FALL,2022,Sandi.Antoniutti@email.com
246,Benton,Hardiman,Yellow,SPRING,2022,Benton.Hardiman@email.com
247,Sonnie,Darkin,Blue,SUMMER,2023,Sonnie.Darkin@email.com
248,Rafaelia,Delagua,Fuscia,SUMMER,2022,Rafaelia.Delagua@email.com
249,Aymer,Ashfold,Orange,SUMMER,2025,Aymer.Ashfold@email.com
250,Linda,Baelde,Aquamarine,SUMMER,2022,Linda.Baelde@email.com
251,Layne,Lievesley,Goldenrod,WINTER,2024,Layne.Lievesley@email.com
252,Venus,Sullivan,Aquamarine,SUMMER,2022,Venus.Sullivan@email.com
253,Rochette,Southeran,Purple,WINTER,2024,Rochette.Southeran@email.com
254,Guss,Crosdill,Orange,SUMMER,2025,Guss.Crosdill@email.com
255,Neale,Lindblom,Teal,WINTER,2022,Neale.Lindblom@email.com
256,Danielle,Dainty,Maroon,SUMMER,2023,Danielle.Dainty@email.com
257,Moishe,Inge,Goldenrod,FALL,2022,Moishe.Inge@email.com
258,Tonia,Eronie,Indigo,SPRING,2025,Tonia.Eronie@email.com
259,Blakelee,Cobson,Purple,FALL,2022,Blakelee.Cobson@email.com
260,Gusta,Agglione,Red,FALL,2022,Gusta.Agglione@email.com
261,Salomo,Paulazzi,Indigo,FALL,2025,Salomo.Paulazzi@email.com
262,Ethelred,Burris,Aquamarine,SUMMER,2024,Ethelred.Burris@email.com
263,Filmore,Lideard,Blue,SPRING,2023,Filmore.Lideard@email.com
264,Waldon,Scolts,Turquoise,FALL,2024,Waldon.Scolts@email.com
265,Martina,Cicccitti,Maroon,SPRING,2025,Martina.Cicccitti@email.com
266,Goraud,Durrett,Aquamarine,SPRING,2024,Goraud.Durrett@email.com
267,Ardelis,Muncer,Khaki,SUMMER,2023,Ardelis.Muncer@email.com
268,Jeffrey,Marchello,Green,FALL,2025,Jeffrey.Marchello@email.com
269,Jessamyn,Lobell,Puce,WINTER,2023,Jessamyn.Lobell@email.com
270,Randy,Bremeyer,Yellow,FALL,2025,Randy.Bremeyer@email.com
271,Larissa,Writer,Puce,SPRING,2022,Larissa.Writer@email.com
272,Dniren,Poynor,Purple,SUMMER,2025,Dniren.Poynor@email.com
273,Karena,Heinemann,Pink,FALL,2024,Karena.Heinemann@email.com
274,Kipp,Leet,Pink,SUMMER,2025,Kipp.Leet@email.com
275,Dun,Tickner,Teal,SUMMER,2024,Dun.Tickner@email.com
276,Hetty,Ambrosini,Khaki,SUMMER,2024,Hetty.Ambrosini@email.com
277,Elva,Leversuch,Red,SUMMER,2023,Elva.Leversuch@email.com
278,Tonye,Tylor,Teal,WINTER,2024,Tonye.Tylor@email.com
279,Gunar,Gartenfeld,Puce,WINTER,2022,Gunar.Gartenfeld@email.com
280,Ekaterina,Darton,Violet,FALL,2024,Ekaterina.Darton@email.com
281,Flinn,Bridell,Teal,FALL,2022,Flinn.Bridell@email.com
282,Chet,Normanvell,Orange,WINTER,2024,Chet.Normanvell@email.com
283,Yvor,Folonin,Maroon,SPRING,2022,Yvor.Folonin@email.com
284,Carlie,Cawker,Yellow,SPRING,2023,Carlie.Cawker@email.com
285,Andra,Lambswood,Orange,SUMMER,2024,Andra.Lambswood@email.com
286,Faustina,Hairyes,Mauv,FALL,2024,Faustina.Hairyes@email.com
287,Elyse,Clarridge,Khaki,SPRING,2025,Elyse.Clarridge@email.com
288,Kirbee,Trase,Orange,FALL,2025,Kirbee.Trase@email.com
289,Titus,Jedrasik,Maroon,SPRING,2023,Titus.Jedrasik@email.com
290,Melosa,Mobley,Fuscia,FALL,2022,Melosa.Mobley@email.com
291,Erhart,Spalls,Maroon,FALL,2022,Erhart.Spalls@email.com
292,Bucky,Stammer,Turquoise,SPRING,2024,Bucky.Stammer@email.com
293,Sandra,Whereat,Teal,FALL,2023,Sandra.Whereat@email.com
294,Silvano,Guidelli,Maroon,SPRING,2024,Silvano.Guidelli@email.com
295,Lorenzo,Bairnsfather,Goldenrod,SPRING,2025,Lorenzo.Bairnsfather@email.com
296,Jeff,Mackilpatrick,Turquoise,FALL,2024,Jeff.Mackilpatrick@email.com
297,Brendon,Chimenti,Crimson,SPRING,2022,Brendon.Chimenti@email.com
298,Karon,Rusk,Goldenrod,SUMMER,2024,Karon.Rusk@email.com
299,Queenie,Cairney,Violet,SPRING,2022,Queenie.Cairney@email.com
300,Tootsie,Cottam,Red,SUMMER,2023,Tootsie.Cottam@email.com
301,Anabella,Pierce,Green,WINTER,2022,Anabella.Pierce@email.com
302,Antonie,Sell,Red,SPRING,2025,Antonie.Sell@email.com
303,Jessalin,Geroldi,Teal,FALL,2024,Jessalin.Geroldi@email.com
304,Devin,Kingsley,Mauv,FALL,2022,Devin.Kingsley@email.com
305,Rudie,Frampton,Goldenrod,FALL,2023,Rudie.Frampton@email.com
306,Benedetto,Camies,Fuscia,SUMMER,2022,Benedetto.Camies@email.com
307,Biddie,Grece,Fuscia,SUMMER,2022,Biddie.Grece@email.com
308,Floyd,Lawrence,Teal,WINTER,2025,Floyd.Lawrence@email.com
309,Rooney,Schutze,Crimson,WINTER,2025,Rooney.Schutze@email.com
310,Genevra,Connechie,Violet,WINTER,2023,Genevra.Connechie@email.com
311,Adlai,Mauger,Fuscia,SUMMER,2022,Adlai.Mauger@email.com
312,Babb,Snelgar,Yellow,FALL,2023,Babb.Snelgar@email.com
313,Tobias,Marconi,Orange,SUMMER,2022,Tobias.Marconi@email.com
314,Colly,Shipway,Yellow,SUMMER,2023,Colly.Shipway@email.com
315,Alair,Duffie,Purple,WINTER,2024,Alair.Duffie@email.com
316,Imelda,Cominotti,Turquoise,WINTER,2024,Imelda.Cominotti@email.com
317,Michelle,Raund,Green,WINTER,2022,Michelle.Raund@email.com
318,Melodie,Frusher,Green,FALL,2024,Melodie.Frusher@email.com
319,Codi,Chidley,Violet,FALL,2022,Codi.Chidley@email.com
320,Taddeo,Dobrowolski,Indigo,FALL,2024,Taddeo.Dobrowolski@email.com
321,Ida,Bridgwood,Goldenrod,FALL,2025,Ida.Bridgwood@email.com
322,Riobard,Dauney,Yellow,SPRING,2022,Riobard.Dauney@email.com
323,Burch,Waghorn,Mauv,WINTER,2024,Burch.Waghorn@email.com
324,Chauncey,Dowglass,Green,FALL,2022,Chauncey.Dowglass@email.com
325,Chiquia,MacKibbon,Goldenrod,SPRING,2023,Chiquia.MacKibbon@email.com
326,Elora,Buney,Orange,WINTER,2025,Elora.Buney@email.com
327,Theodora,Jacquet,Violet,SPRING,2025,Theodora.Jacquet@email.com
328,Ruy,Blacklawe,Turquoise,SUMMER,2023,Ruy.Blacklawe@email.com
329,Cthrine,Hairsnape,Crimson,WINTER,2025,Cthrine.Hairsnape@email.com
330,Menard,Dagless,Pink,FALL,2025,Menard.Dagless@email.com
331,Elisabeth,Currm,Aquamarine,FALL,2024,Elisabeth.Currm@email.com
332,Sandro,Cruce,Blue,SPRING,2023,Sandro.Cruce@email.com
333,Brit,Pozzi,Pink,WINTER,2022,Brit.Pozzi@email.com
334,Wadsworth,Stanway,Aquamarine,SPRING,2022,Wadsworth.Stanway@email.com
335,Noell,Lessmare,Pink,SPRING,2023,Noell.Lessmare@email.com
336,Jana,Levison,Purple,SPRING,2022,Jana.Levison@email.com
337,Concordia,Tudball,Puce,WINTER,2024,Concordia.Tudball@email.com
338,Allyn,Stannah,Violet,SPRING,2024,Allyn.Stannah@email.com
339,King,Agget,Indigo,WINTER,2025,King.Agget@email.com
340,Aubree,Braune,Green,SUMMER,2023,Aubree.Braune@email.com
341,Roxie,Fawloe,Goldenrod,SUMMER,2022,Roxie.Fawloe@email.com
342,Anya,Eagle,Turquoise,SUMMER,2024,Anya.Eagle@email.com
343,Susannah,Pesak,Indigo,SPRING,2022,Susannah.Pesak@email.com
344,Zeke,Wigley,Blue,FALL,2024,Zeke.Wigley@email.com
345,Theressa,Bruckenthal,Goldenrod,SUMMER,2025,Theressa.Bruckenthal@email.com
346,Abagael,Sambles,Mauv,SPRING,2022,Abagael.Sambles@email.com
347,Arin,Morpeth,Goldenrod,SPRING,2022,Arin.Morpeth@email.com
348,Evan,Lermit,Turquoise,SUMMER,2023,Evan.Lermit@email.com
349,Randa,Gaven,Maroon,SPRING,2023,Randa.Gaven@email.com
350,Geoffry,O' Clovan,Turquoise,SUMMER,2022,Geoffry.O' Clovan@email.com
351,Luciana,Drowsfield,Indigo,FALL,2024,Luciana.Drowsfield@email.com
352,Cornie,Swigger,Blue,WINTER,2024,Cornie.Swigger@email.com
353,Adler,Dy,Fuscia,WINTER,2025,Adler.Dy@email.com
354,Amby,Cushe,Orange,FALL,2023,Amby.Cushe@email.com
355,Averyl,Wotherspoon,Mauv,WINTER,2022,Averyl.Wotherspoon@email.com
356,Else,Swinglehurst,Aquamarine,WINTER,2024,Else.Swinglehurst@email.com
357,Rhoda,Ladell,Mauv,WINTER,2025,Rhoda.Ladell@email.com
358,Waite,Peirson,Maroon,SUMMER,2025,Waite.Peirson@email.com
359,Vachel,Lugsdin,Indigo,FALL,2025,Vachel.Lugsdin@email.com
360,Marlin,Kohter,Maroon,WINTER,2024,Marlin.Kohter@email.com
361,Mortimer,Walentynowicz,Pink,SUMMER,2025,Mortimer.Walentynowicz@email.com
362,Ludovico,Moberley,Green,SPRING,2022,Ludovico.Moberley@email.com
363,Janifer,Longhorne,Indigo,FALL,2022,Janifer.Longhorne@email.com
364,Cortney,Wilcot,Crimson,FALL,2025,Cortney.Wilcot@email.com
365,Caro,Skews,Purple,SUMMER,2025,Caro.Skews@email.com
366,Toiboid,Batkin,Blue,SUMMER,2022,Toiboid.Batkin@email.com
367,Case,Breton,Green,FALL,2025,Case.Breton@email.com
368,Millie,Penlington,Yellow,FALL,2023,Millie.Penlington@email.com
369,Tiler,Langthorne,Fuscia,SPRING,2025,Tiler.Langthorne@email.com
370,Valeda,Longworthy,Orange,FALL,2024,Valeda.Longworthy@email.com
371,Karim,Brummell,Aquamarine,SPRING,2025,Karim.Brummell@email.com
372,Cass,Whitmarsh,Pink,SPRING,2025,Cass.Whitmarsh@email.com
373,Denys,Dupre,Pink,SUMMER,2024,Denys.Dupre@email.com
374,Ramsey,Inggall,Teal,WINTER,2024,Ramsey.Inggall@email.com
375,Ava,Trussman,Goldenrod,FALL,2024,Ava.Trussman@email.com
376,Jerrylee,Pilsworth,Red,FALL,2025,Jerrylee.Pilsworth@email.com
377,Herschel,Adrain,Indigo,SPRING,2024,Herschel.Adrain@email.com
378,Fredericka,Nund,Maroon,FALL,2022,Fredericka.Nund@email.com
379,Morey,Dumbellow,Pink,SUMMER,2024,Morey.Dumbellow@email.com
380,Griffin,Gresser,Maroon,SUMMER,2025,Griffin.Gresser@email.com
381,Fairfax,Yerson,Yellow,WINTER,2022,Fairfax.Yerson@email.com
382,Fifi,Minet,Violet,SUMMER,2025,Fifi.Minet@email.com
383,Meredith,Hanbury-Brown,Indigo,SUMMER,2023,Meredith.Hanbury-Brown@email.com
384,Rabbi,Labeuil,Crimson,SPRING,2022,Rabbi.Labeuil@email.com
385,Minne,Field,Violet,SPRING,2022,Minne.Field@email.com
386,Gayelord,Ber,Goldenrod,WINTER,2022,Gayelord.Ber@email.com
387,Leese,Pochon,Goldenrod,WINTER,2024,Leese.Pochon@email.com
388,Kym,Orbine,Fuscia,SPRING,2022,Kym.Orbine@email.com
389,Lindy,Semarke,Green,WINTER,2023,Lindy.Semarke@email.com
390,Stanton,Callan,Purple,WINTER,2023,Stanton.Callan@email.com
391,Adolpho,Bischop,Fuscia,WINTER,2025,Adolpho.Bischop@email.com
392,Cleavland,Ebbers,Khaki,SPRING,2025,Cleavland.Ebbers@email.com
393,Zedekiah,Brayshay,Khaki,FALL,2025,Zedekiah.Brayshay@email.com
394,Scarlett,Law,Orange,SPRING,2023,Scarlett.Law@email.com
395,Percy,Lakey,Teal,SPRING,2023,Percy.Lakey@email.com
396,Timmi,Torns,Mauv,FALL,2025,Timmi.Torns@email.com
397,Bard,Lapham,Indigo,WINTER,2024,Bard.Lapham@email.com
398,Lyon,Armor,Indigo,SUMMER,2025,Lyon.Armor@email.com
399,Francesco,Shelford,Orange,WINTER,2023,Francesco.Shelford@email.com
400,Gwen,Ganford,Puce,SPRING,2025,Gwen.Ganford@email.com
401,Teressa,Pauel,Maroon,SUMMER,2022,Teressa.Pauel@email.com
402,Taber,McEvilly,Mauv,SUMMER,2025,Taber.McEvilly@email.com
403,Humberto,Handforth,Khaki,WINTER,2023,Humberto.Handforth@email.com
404,Jami,Dominichelli,Green,WINTER,2023,Jami.Dominichelli@email.com
405,Mellie,Searby,Blue,SUMMER,2022,Mellie.Searby@email.com
406,Felecia,Miettinen,Fuscia,WINTER,2022,Felecia.Miettinen@email.com
407,Robbyn,Gavaghan,Pink,SUMMER,2025,Robbyn.Gavaghan@email.com
408,Jeanette,Friett,Pink,SUMMER,2022,Jeanette.Friett@email.com
409,Nikolos,MacGregor,Indigo,SUMMER,2024,Nikolos.MacGregor@email.com
410,Gussi,Yurasov,Goldenrod,SPRING,2024,Gussi.Yurasov@email.com
411,Prudence,Antonazzi,Goldenrod,SPRING,2024,Prudence.Antonazzi@email.com
412,Frayda,Collimore,Red,SPRING,2025,Frayda.Collimore@email.com
413,Domenic,Haly,Pink,WINTER,2024,Domenic.Haly@email.com
414,Vince,Waistell,Green,FALL,2023,Vince.Waistell@email.com
415,Marylee,Mayger,Maroon,FALL,2023,Marylee.Mayger@email.com
416,Rudd,Flieg,Pink,SPRING,2023,Rudd.Flieg@email.com
417,Elden,Locker,Aquamarine,WINTER,2025,Elden.Locker@email.com
418,Emmery,Gronw,Orange,SUMMER,2025,Emmery.Gronw@email.com
419,Phyllis,Collopy,Goldenrod,SUMMER,2025,Phyllis.Collopy@email.com
420,Ginni,Hagger,Crimson,SPRING,2023,Ginni.Hagger@email.com
421,Ephrem,Reynoldson,Puce,SUMMER,2024,Ephrem.Reynoldson@email.com
422,Tori,Nellen,Purple,SPRING,2022,Tori.Nellen@email.com
423,Axel,Whate,Fuscia,FALL,2022,Axel.Whate@email.com
424,Angelico,Harrington,Blue,SPRING,2025,Angelico.Harrington@email.com
425,Toddy,Hampshire,Green,WINTER,2024,Toddy.Hampshire@email.com
426,Bonnie,Keinrat,Fuscia,SUMMER,2025,Bonnie.Keinrat@email.com
427,Aurthur,Risom,Red,FALL,2022,Aurthur.Risom@email.com
428,Jessika,Ottey,Aquamarine,SPRING,2022,Jessika.Ottey@email.com
429,Verine,Stoakley,Red,SPRING,2024,Verine.Stoakley@email.com
430,Mariel,Copo,Violet,WINTER,2022,Mariel.Copo@email.com
431,Omar,Madge,Puce,SUMMER,2023,Omar.Madge@email.com
432,Donovan,Rhead,Blue,WINTER,2022,Donovan.Rhead@email.com
433,Madel,Heatlie,Red,WINTER,2024,Madel.Heatlie@email.com
434,Ardys,Romer,Maroon,SPRING,2025,Ardys.Romer@email.com
435,Dave,Bompas,Pink,SUMMER,2023,Dave.Bompas@email.com
436,Ludvig,Dominichelli,Turquoise,SUMMER,2024,Ludvig.Dominichelli@email.com
437,Jeth,Switland,Green,WINTER,2024,Jeth.Switland@email.com
438,Rourke,Maharry,Teal,SPRING,2023,Rourke.Maharry@email.com
439,Wain,Warburton,Red,SPRING,2022,Wain.Warburton@email.com
440,Blondelle,Boundey,Mauv,SPRING,2025,Blondelle.Boundey@email.com
441,Vidovic,O'Hearn,Mauv,WINTER,2024,Vidovic.O'Hearn@email.com
442,Wilhelm,Sergant,Teal,FALL,2025,Wilhelm.Sergant@email.com
443,Davie,Dullaghan,Red,WINTER,2023,Davie.Dullaghan@email.com
444,Clarine,Lagden,Green,SPRING,2025,Clarine.Lagden@email.com
445,Corrine,Weinmann,Mauv,SPRING,2023,Corrine.Weinmann@email.com
446,Hurley,Shrieve,Purple,SPRING,2024,Hurley.Shrieve@email.com
447,Zachery,Fearnill,Goldenrod,WINTER,2023,Zachery.Fearnill@email.com
448,Flss,McGiveen,Puce,FALL,2023,Flss.McGiveen@email.com
449,Constanta,Pesik,Crimson,SUMMER,2024,Constanta.Pesik@email.com
450,Jenilee,Corragan,Pink,SPRING,2024,Jenilee.Corragan@email.com
451,Aluino,Delgaty,Fuscia,SPRING,2022,Aluino.Delgaty@email.com
452,Blaire,Piesold,Orange,WINTER,2024,Blaire.Piesold@email.com
453,Glen,MacTurlough,Maroon,WINTER,2024,Glen.MacTurlough@email.com
454,Paulie,Brummell,Fuscia,SUMMER,2025,Paulie.Brummell@email.com
455,Salvidor,Cogger,Teal,FALL,2024,Salvidor.Cogger@email.com
456,Lauri,Gonsalvez,Crimson,SUMMER,2023,Lauri.Gonsalvez@email.com
457,Alexis,Glayzer,Pink,SUMMER,2024,Alexis.Glayzer@email.com
458,Wallie,Michin,Aquamarine,SUMMER,2024,Wallie.Michin@email.com
459,Morton,Crampin,Violet,FALL,2022,Morton.Crampin@email.com
460,Fenelia,Meriott,Maroon,SUMMER,2022,Fenelia.Meriott@email.com
461,Stanislaus,Battisson,Pink,FALL,2024,Stanislaus.Battisson@email.com
462,Aguie,Hirjak,Red,WINTER,2022,Aguie.Hirjak@email.com
463,Abel,Hearnshaw,Mauv,SPRING,2023,Abel.Hearnshaw@email.com
464,Cammy,Rosenfeld,Red,WINTER,2022,Cammy.Rosenfeld@email.com
465,Asher,Charkham,Orange,FALL,2022,Asher.Charkham@email.com
466,Melanie,Laughren,Puce,FALL,2025,Melanie.Laughren@email.com
467,Barrie,Antoniottii,Violet,SPRING,2023,Barrie.Antoniottii@email.com
468,Maire,Martinie,Maroon,FALL,2024,Maire.Martinie@email.com
469,Lilia,Ioselev,Puce,WINTER,2023,Lilia.Ioselev@email.com
470,Willdon,Lofts,Turquoise,SUMMER,2023,Willdon.Lofts@email.com
471,Kalvin,Whieldon,Maroon,FALL,2023,Kalvin.Whieldon@email.com
472,Susanne,Sherbrook,Maroon,WINTER,2023,Susanne.Sherbrook@email.com
473,Wayland,Garmey,Fuscia,SPRING,2024,Wayland.Garmey@email.com
474,Sauveur,Dachs,Violet,FALL,2023,Sauveur.Dachs@email.com
475,Blaine,Sharnock,Puce,FALL,2023,Blaine.Sharnock@email.com
476,Calhoun,Clear,Khaki,SUMMER,2022,Calhoun.Clear@email.com
477,Tracy,MacFarlan,Crimson,SPRING,2024,Tracy.MacFarlan@email.com
478,Allegra,Wraxall,Indigo,SUMMER,2024,Allegra.Wraxall@email.com
479,Ardyth,Farney,Crimson,SUMMER,2024,Ardyth.Farney@email.com
480,Eilis,Van der Mark,Turquoise,SPRING,2023,Eilis.Van der Mark@email.com
481,Roi,Reidshaw,Green,WINTER,2023,Roi.Reidshaw@email.com
482,Georgi,Szantho,Purple,WINTER,2023,Georgi.Szantho@email.com
483,Lester,McKern,Yellow,WINTER,2025,Lester.McKern@email.com
484,Gretta,Craydon,Yellow,SPRING,2023,Gretta.Craydon@email.com
485,Aleda,Drydale,Blue,FALL,2025,Aleda.Drydale@email.com
486,Katheryn,Hitzmann,Mauv,SPRING,2022,Katheryn.Hitzmann@email.com
487,Adrienne,Mealham,Purple,FALL,2024,Adrienne.Mealham@email.com
488,Leupold,Oiller,Pink,SUMMER,2023,Leupold.Oiller@email.com
489,Fenelia,Denys,Yellow,WINTER,2022,Fenelia.Denys@email.com
490,Friederike,Van den Velde,Yellow,WINTER,2025,Friederike.Van den Velde@email.com
491,Nikolaos,McMylor,Puce,WINTER,2022,Nikolaos.McMylor@email.com
492,Belia,Dilawey,Crimson,SUMMER,2022,Belia.Dilawey@email.com
493,Margo,Matskiv,Indigo,SUMMER,2023,Margo.Matskiv@email.com
494,Roanna,Hucklesby,Purple,SUMMER,2024,Roanna.Hucklesby@email.com
495,Elladine,Ferrieres,Purple,SPRING,2024,Elladine.Ferrieres@email.com
496,Reina,Cushion,Blue,FALL,2024,Reina.Cushion@email.com
497,Edith,Raddish,Teal,WINTER,2025,Edith.Raddish@email.com
498,Darryl,Sighard,Mauv,SUMMER,2024,Darryl.Sighard@email.com
499,Norah,Peasgood,Maroon,FALL,2024,Norah.Peasgood@email.com
500,Gustav,Maevela,Crimson,SPRING,2024,Gustav.Maevela@email.com
501,Cristin,Dedham,Maroon,FALL,2024,Cristin.Dedham@email.com
502,Helli,Souten,Yellow,SUMMER,2022,Helli.Souten@email.com
503,Donnie,Spikeings,Indigo,FALL,2025,Donnie.Spikeings@email.com
504,Ericka,Brunelli,Purple,SPRING,2025,Ericka.Brunelli@email.com
505,Killie,Towndrow,Indigo,SPRING,2023,Killie.Towndrow@email.com
506,Amara,Kingdom,Yellow,SUMMER,2022,Amara.Kingdom@email.com
507,Henrik,Roadnight,Mauv,SPRING,2025,Henrik.Roadnight@email.com
508,Claudell,Vallery,Blue,FALL,2025,Claudell.Vallery@email.com
509,Deva,Nesbeth,Puce,FALL,2025,Deva.Nesbeth@email.com
510,Ninnette,Danson,Crimson,FALL,2024,Ninnette.Danson@email.com
511,Wes,Scimoni,Indigo,FALL,2022,Wes.Scimoni@email.com
512,Luz,Zavittieri,Aquamarine,WINTER,2022,Luz.Zavittieri@email.com
513,Lyndel,Moxon,Crimson,WINTER,2025,Lyndel.Moxon@email.com
514,Kerrill,Wedlock,Orange,SPRING,2025,Kerrill.Wedlock@email.com
515,Ulrike,Coultar,Mauv,FALL,2024,Ulrike.Coultar@email.com
516,Leeanne,Hurrion,Fuscia,FALL,2025,Leeanne.Hurrion@email.com
517,Garret,Morsley,Fuscia,SPRING,2022,Garret.Morsley@email.com
518,Codi,Ryland,Goldenrod,SPRING,2025,Codi.Ryland@email.com
519,Woody,Adds,Indigo,FALL,2024,Woody.Adds@email.com
520,Kyla,Roubottom,Yellow,SUMMER,2025,Kyla.Roubottom@email.com
521,Cody,Bolesworth,Puce,WINTER,2023,Cody.Bolesworth@email.com
522,Caty,O'Grada,Blue,FALL,2024,Caty.O'Grada@email.com
523,Cesya,Tunney,Maroon,SUMMER,2022,Cesya.Tunney@email.com
524,Devin,Becconsall,Blue,SUMMER,2022,Devin.Becconsall@email.com
525,Wilbur,Dunston,Goldenrod,FALL,2024,Wilbur.Dunston@email.com
526,Seamus,Lengthorn,Fuscia,SPRING,2024,Seamus.Lengthorn@email.com
527,Cy,Boyack,Blue,SUMMER,2024,Cy.Boyack@email.com
528,Giorgio,Beggio,Green,SPRING,2024,Giorgio.Beggio@email.com
529,Evelyn,Hovel,Crimson,FALL,2022,Evelyn.Hovel@email.com
530,Leisha,Learie,Turquoise,SPRING,2024,Leisha.Learie@email.com
531,Mufi,Hourstan,Maroon,WINTER,2022,Mufi.Hourstan@email.com
532,Zsa zsa,Beranek,Red,FALL,2024,Zsa zsa.Beranek@email.com
533,Debra,Towne,Turquoise,SUMMER,2023,Debra.Towne@email.com
534,Anselma,Inkin,Maroon,SUMMER,2023,Anselma.Inkin@email.com
535,Bendicty,Presnall,Orange,SUMMER,2024,Bendicty.Presnall@email.com
536,Javier,Minto,Aquamarine,WINTER,2022,Javier.Minto@email.com
537,Nat,Jan,Orange,FALL,2024,Nat.Jan@email.com
538,Jacklin,Harmer,Violet,WINTER,2022,Jacklin.Harmer@email.com
539,Ansley,Hirtzmann,Mauv,WINTER,2024,Ansley.Hirtzmann@email.com
540,Stesha,Feldbrin,Goldenrod,WINTER,2025,Stesha.Feldbrin@email.com
541,Tine,Farrah,Blue,SPRING,2023,Tine.Farrah@email.com
542,Tuesday,Sapir,Blue,WINTER,2024,Tuesday.Sapir@email.com
543,Susannah,Cowing,Khaki,SUMMER,2023,Susannah.Cowing@email.com
544,Matthiew,Durtnall,Blue,SUMMER,2023,Matthiew.Durtnall@email.com
545,Constancy,Mantrup,Teal,FALL,2023,Constancy.Mantrup@email.com
546,Sondra,Dorant,Maroon,FALL,2022,Sondra.Dorant@email.com
547,Rea,Doward,Aquamarine,SUMMER,2023,Rea.Doward@email.com
548,Andriette,Scougall,Green,SUMMER,2025,Andriette.Scougall@email.com
549,Ysabel,Satford,Blue,WINTER,2023,Ysabel.Satford@email.com
550,Pennie,Petrecz,Violet,FALL,2024,Pennie.Petrecz@email.com
551,Tootsie,Lehrian,Indigo,WINTER,2022,Tootsie.Lehrian@email.com
552,Raimondo,Stillert,Mauv,SUMMER,2022,Raimondo.Stillert@email.com
553,Colette,Lomansey,Aquamarine,WINTER,2023,Colette.Lomansey@email.com
554,Willamina,Fenelon,Pink,SUMMER,2024,Willamina.Fenelon@email.com
555,Beatriz,Boynton,Crimson,SPRING,2022,Beatriz.Boynton@email.com
556,Jamima,Caston,Green,SPRING,2023,Jamima.Caston@email.com
557,Flossy,Benne,Indigo,SPRING,2024,Flossy.Benne@email.com
558,Aura,De Brett,Teal,WINTER,2025,Aura.De Brett@email.com
559,Timi,Daffey,Yellow,SUMMER,2023,Timi.Daffey@email.com
560,Tyler,Andriesse,Turquoise,WINTER,2024,Tyler.Andriesse@email.com
561,Nolly,Snodin,Yellow,FALL,2025,Nolly.Snodin@email.com
562,Lelia,Neame,Green,SPRING,2025,Lelia.Neame@email.com
563,Breena,Quesne,Green,FALL,2023,Breena.Quesne@email.com
564,Chrisy,Simnell,Teal,SUMMER,2022,Chrisy.Simnell@email.com
565,Edita,Abramowitch,Pink,SPRING,2024,Edita.Abramowitch@email.com
566,Alecia,Bolus,Violet,SUMMER,2025,Alecia.Bolus@email.com
567,Robbyn,Polkinghorne,Maroon,FALL,2025,Robbyn.Polkinghorne@email.com
568,Web,Ramet,Yellow,FALL,2025,Web.Ramet@email.com
569,Emmerich,Pearne,Puce,SUMMER,2025,Emmerich.Pearne@email.com
570,Kalle,Roglieri,Purple,SUMMER,2023,Kalle.Roglieri@email.com
571,Milli,Phuprate,Blue,SPRING,2022,Milli.Phuprate@email.com
572,Jeane,Dinis,Green,FALL,2022,Jeane.Dinis@email.com
573,Horatio,Hirschmann,Turquoise,WINTER,2023,Horatio.Hirschmann@email.com
574,Duncan,Levane,Yellow,WINTER,2025,Duncan.Levane@email.com
575,Kathrine,Blockley,Maroon,SUMMER,2024,Kathrine.Blockley@email.com
576,Giacobo,Nissle,Yellow,FALL,2023,Giacobo.Nissle@email.com
577,Margery,Wyllie,Turquoise,WINTER,2022,Margery.Wyllie@email.com
578,Gilburt,Raffles,Khaki,WINTER,2023,Gilburt.Raffles@email.com
579,Josey,Hurtado,Yellow,SPRING,2025,Josey.Hurtado@email.com
580,Rosalinda,Gosby,Blue,WINTER,2022,Rosalinda.Gosby@email.com
581,Louie,Hourihane,Indigo,SUMMER,2022,Louie.Hourihane@email.com
582,Bendix,Croxton,Purple,SPRING,2022,Bendix.Croxton@email.com
583,Tull,Attenbrow,Maroon,SUMMER,2023,Tull.Attenbrow@email.com
584,Eldredge,Plumstead,Teal,SPRING,2023,Eldredge.Plumstead@email.com
585,Arabel,Flamank,Blue,FALL,2023,Arabel.Flamank@email.com
586,Marquita,Rosenbarg,Purple,WINTER,2022,Marquita.Rosenbarg@email.com
587,Farrand,Grishenkov,Green,SUMMER,2022,Farrand.Grishenkov@email.com
588,Jaime,Redish,Green,SPRING,2022,Jaime.Redish@email.com
589,Claudia,Suthworth,Teal,SUMMER,2025,Claudia.Suthworth@email.com
590,Erasmus,Sesser,Indigo,SUMMER,2025,Erasmus.Sesser@email.com
591,Oliy,Adamczewski,Yellow,SUMMER,2022,Oliy.Adamczewski@email.com
592,Alexandre,Butler,Purple,FALL,2025,Alexandre.Butler@email.com
593,Reggy,Giacobilio,Turquoise,WINTER,2023,Reggy.Giacobilio@email.com
594,Jamey,Aspey,Red,WINTER,2023,Jamey.Aspey@email.com
595,Colver,Trudgeon,Aquamarine,WINTER,2024,Colver.Trudgeon@email.com
596,Roi,Brayfield,Purple,FALL,2023,Roi.Brayfield@email.com
597,Arvy,Massen,Blue,SUMMER,2025,Arvy.Massen@email.com
598,Hamilton,Stollenbecker,Aquamarine,SPRING,2025,Hamilton.Stollenbecker@email.com
599,Silvie,Dyke,Red,FALL,2025,Silvie.Dyke@email.com
600,Brittan,Strettle,Orange,SPRING,2022,Brittan.Strettle@email.com
601,Maryjo,Lebreton,Purple,SUMMER,2024,Maryjo.Lebreton@email.com
602,Brittne,Kellen,Goldenrod,SUMMER,2022,Brittne.Kellen@email.com
603,Beverlee,Sandlin,Mauv,SPRING,2023,Beverlee.Sandlin@email.com
604,Adela,Lattimer,Mauv,FALL,2025,Adela.Lattimer@email.com
605,Jarid,Goschalk,Violet,FALL,2023,Jarid.Goschalk@email.com
606,Kylila,Howton,Khaki,WINTER,2023,Kylila.Howton@email.com
607,Brigida,Spinetti,Pink,FALL,2025,Brigida.Spinetti@email.com
608,Morna,Yushkov,Maroon,FALL,2022,Morna.Yushkov@email.com
609,Diane-marie,Brittin,Aquamarine,SUMMER,2023,Diane-marie.Brittin@email.com
610,Willow,Paulucci,Violet,FALL,2022,Willow.Paulucci@email.com
611,Elsworth,Waliszek,Teal,WINTER,2023,Elsworth.Waliszek@email.com
612,Cary,Cruddace,Indigo,SUMMER,2022,Cary.Cruddace@email.com
613,Tabb,Brocks,Aquamarine,SPRING,2025,Tabb.Brocks@email.com
614,Renie,Eldin,Crimson,FALL,2022,Renie.Eldin@email.com
615,Bayard,O'Heagertie,Crimson,WINTER,2023,Bayard.O'Heagertie@email.com
616,Ber,Cristol,Mauv,SUMMER,2024,Ber.Cristol@email.com
617,Layla,Evesque,Red,WINTER,2024,Layla.Evesque@email.com
618,Cristen,Stuck,Green,SPRING,2022,Cristen.Stuck@email.com
619,Tremayne,Howen,Maroon,SUMMER,2025,Tremayne.Howen@email.com
620,Minette,Tuftin,Violet,WINTER,2025,Minette.Tuftin@email.com
621,Sena,Brazenor,Teal,SPRING,2024,Sena.Brazenor@email.com
622,Egan,Bosden,Goldenrod,SUMMER,2024,Egan.Bosden@email.com
623,Rozelle,Tejero,Khaki,FALL,2024,Rozelle.Tejero@email.com
624,Traver,Andor,Goldenrod,SUMMER,2024,Traver.Andor@email.com
625,Raeann,Osgordby,Fuscia,WINTER,2025,Raeann.Osgordby@email.com
626,Brook,Alexsandrov,Puce,WINTER,2022,Brook.Alexsandrov@email.com
627,Fayette,Hethron,Yellow,SPRING,2025,Fayette.Hethron@email.com
628,Pearle,Adam,Goldenrod,WINTER,2024,Pearle.Adam@email.com
629,Dacie,Hanes,Violet,SPRING,2025,Dacie.Hanes@email.com
630,Clementina,Loade,Mauv,WINTER,2023,Clementina.Loade@email.com
631,Nickolaus,Culham,Maroon,SUMMER,2024,Nickolaus.Culham@email.com
632,Arnuad,Girsch,Red,SUMMER,2023,Arnuad.Girsch@email.com
633,Gwendolyn,Jouhandeau,Red,WINTER,2022,Gwendolyn.Jouhandeau@email.com
634,Sanders,Bullin,Teal,FALL,2022,Sanders.Bullin@email.com
635,Bondie,Salvidge,Green,SUMMER,2025,Bondie.Salvidge@email.com
636,Sim,Copes,Crimson,FALL,2023,Sim.Copes@email.com
637,Carmella,Sperring,Pink,SUMMER,2022,Carmella.Sperring@email.com
638,Putnem,Gras,Red,SPRING,2025,Putnem.Gras@email.com
639,Bella,Minister,Purple,SPRING,2023,Bella.Minister@email.com
640,Nedda,Talks,Yellow,SUMMER,2025,Nedda.Talks@email.com
641,Miltie,Rackam,Goldenrod,SUMMER,2024,Miltie.Rackam@email.com
642,Rolland,Lugsdin,Blue,FALL,2023,Rolland.Lugsdin@email.com
643,Kassi,Drummer,Purple,SUMMER,2024,Kassi.Drummer@email.com
644,Kissie,Frears,Yellow,WINTER,2023,Kissie.Frears@email.com
645,Hershel,Spurret,Fuscia,SPRING,2023,Hershel.Spurret@email.com
646,Enid,Janowicz,Mauv,FALL,2025,Enid.Janowicz@email.com
647,Pepita,Cregg,Violet,FALL,2023,Pepita.Cregg@email.com
648,Venita,Cramond,Indigo,SUMMER,2025,Venita.Cramond@email.com
649,Emelina,O'Meara,Yellow,FALL,2024,Emelina.O'Meara@email.com
650,Gregor,Assante,Puce,SUMMER,2023,Gregor.Assante@email.com
651,Bobby,Vasilevich,Turquoise,SPRING,2025,Bobby.Vasilevich@email.com
652,Denise,Dyne,Violet,SPRING,2024,Denise.Dyne@email.com
653,Dorella,Bottelstone,Orange,SUMMER,2025,Dorella.Bottelstone@email.com
654,Ker,Klausen,Crimson,SUMMER,2024,Ker.Klausen@email.com
655,Tedmund,Buttler,Yellow,WINTER,2025,Tedmund.Buttler@email.com
656,Allix,Neward,Orange,SPRING,2022,Allix.Neward@email.com
657,Maurise,Purveys,Blue,SPRING,2025,Maurise.Purveys@email.com
658,Gayle,Hebblewhite,Aquamarine,FALL,2023,Gayle.Hebblewhite@email.com
659,Sayre,Paxforde,Blue,FALL,2022,Sayre.Paxforde@email.com
660,Mahala,Harborow,Red,FALL,2024,Mahala.Harborow@email.com
661,Jennifer,Atwell,Red,SPRING,2025,Jennifer.Atwell@email.com
662,Trina,Flegg,Yellow,FALL,2023,Trina.Flegg@email.com
663,Bil,Brightie,Turquoise,FALL,2025,Bil.Brightie@email.com
664,Randi,Bontein,Crimson,SUMMER,2025,Randi.Bontein@email.com
665,Trumaine,Rimell,Goldenrod,FALL,2025,Trumaine.Rimell@email.com
666,Ariel,Vasyaev,Turquoise,SPRING,2025,Ariel.Vasyaev@email.com
667,Zita,Lewsy,Maroon,SPRING,2024,Zita.Lewsy@email.com
668,Callean,Branni,Teal,SUMMER,2024,Callean.Branni@email.com
669,Cordy,Sachno,Blue,SUMMER,2023,Cordy.Sachno@email.com
670,Sonnie,Paulley,Turquoise,FALL,2023,Sonnie.Paulley@email.com
671,Aile,Whitland,Violet,FALL,2025,Aile.Whitland@email.com
672,Yolande,De Bruyne,Purple,SUMMER,2024,Yolande.De Bruyne@email.com
673,Ernie,Absolon,Khaki,SPRING,2022,Ernie.Absolon@email.com
674,Petr,Grund,Orange,SPRING,2022,Petr.Grund@email.com
675,Elana,Canada,Green,SPRING,2023,Elana.Canada@email.com
676,Brad,Westfield,Pink,SUMMER,2023,Brad.Westfield@email.com
677,Jarrad,Shackell,Violet,FALL,2023,Jarrad.Shackell@email.com
678,Perrine,Soughton,Khaki,SPRING,2025,Perrine.Soughton@email.com
679,Marna,Gorman,Maroon,FALL,2024,Marna.Gorman@email.com
680,Morry,Greenhall,Green,WINTER,2024,Morry.Greenhall@email.com
681,Buck,Gingles,Puce,SUMMER,2024,Buck.Gingles@email.com
682,Lily,Alexandersen,Yellow,SUMMER,2024,Lily.Alexandersen@email.com
683,Fabe,Ogley,Turquoise,SPRING,2025,Fabe.Ogley@email.com
684,Vernon,McCague,Pink,WINTER,2024,Vernon.McCague@email.com
685,Sharla,Meeke,Fuscia,SPRING,2023,Sharla.Meeke@email.com
686,Thomasina,O'Sullivan,Turquoise,SPRING,2022,Thomasina.O'Sullivan@email.com
687,Gertie,Bliven,Maroon,SPRING,2023,Gertie.Bliven@email.com
688,Bennett,Philbin,Goldenrod,SPRING,2024,Bennett.Philbin@email.com
689,Corrina,Lathan,Mauv,FALL,2023,Corrina.Lathan@email.com
690,Nessie,Wewell,Goldenrod,WINTER,2025,Nessie.Wewell@email.com
691,Robby,Rubi,Crimson,WINTER,2025,Robby.Rubi@email.com
692,Janenna,Horsley,Goldenrod,SPRING,2024,Janenna.Horsley@email.com
693,Aeriel,Lusgdin,Orange,SPRING,2022,Aeriel.Lusgdin@email.com
694,Merissa,Karmel,Blue,WINTER,2025,Merissa.Karmel@email.com
695,Derrek,Clawson,Violet,SPRING,2023,Derrek.Clawson@email.com
696,Mattie,Auden,Khaki,SUMMER,2023,Mattie.Auden@email.com
697,Antonella,Garriock,Puce,FALL,2024,Antonella.Garriock@email.com
698,Ambrose,Osgerby,Mauv,SUMMER,2023,Ambrose.Osgerby@email.com
699,Eleanor,Gosnay,Red,WINTER,2024,Eleanor.Gosnay@email.com
700,Loren,Tease,Teal,SUMMER,2022,Loren.Tease@email.com
701,Maddi,Stenton,Blue,SUMMER,2022,Maddi.Stenton@email.com
702,Dirk,Densie,Pink,FALL,2023,Dirk.Densie@email.com
703,Liesa,Giovannilli,Crimson,SPRING,2024,Liesa.Giovannilli@email.com
704,Aleece,Lochrie,Crimson,FALL,2025,Aleece.Lochrie@email.com
705,Fredra,Faragher,Indigo,SUMMER,2024,Fredra.Faragher@email.com
706,Moria,Caselli,Teal,SPRING,2022,Moria.Caselli@email.com
707,Ichabod,McGruar,Goldenrod,SUMMER,2023,Ichabod.McGruar@email.com
708,Adoree,Tompkiss,Red,SPRING,2024,Adoree.Tompkiss@email.com
709,Cecily,Lawson,Mauv,SPRING,2025,Cecily.Lawson@email.com
710,Alina,Phillimore,Maroon,SUMMER,2025,Alina.Phillimore@email.com
711,Bab,Ecclesall,Turquoise,FALL,2024,Bab.Ecclesall@email.com
712,Almira,Ferrone,Teal,WINTER,2025,Almira.Ferrone@email.com
713,Simonette,Earry,Turquoise,SPRING,2023,Simonette.Earry@email.com
714,Lyon,Grigoire,Red,SPRING,2023,Lyon.Grigoire@email.com
715,Neilla,Gorvette,Yellow,SPRING,2024,Neilla.Gorvette@email.com
716,Boot,Norquoy,Yellow,SPRING,2023,Boot.Norquoy@email.com
717,Portia,Beebe,Khaki,SUMMER,2022,Portia.Beebe@email.com
718,Lita,McArtan,Turquoise,SPRING,2025,Lita.McArtan@email.com
719,Jedd,Calafato,Aquamarine,SPRING,2022,Jedd.Calafato@email.com
720,Barbabas,Betton,Crimson,SPRING,2025,Barbabas.Betton@email.com
721,Tersina,O'Shevlin,Mauv,FALL,2023,Tersina.O'Shevlin@email.com
722,Hurley,Ritter,Green,SUMMER,2022,Hurley.Ritter@email.com
723,Max,Whittle,Violet,SUMMER,2022,Max.Whittle@email.com
724,Ralph,Burgott,Goldenrod,SPRING,2023,Ralph.Burgott@email.com
725,Jess,Sudy,Crimson,SUMMER,2025,Jess.Sudy@email.com
726,Jacquenetta,Kobierzycki,Orange,SUMMER,2025,Jacquenetta.Kobierzycki@email.com
727,Ketti,Iamittii,Blue,FALL,2025,Ketti.Iamittii@email.com
728,Rubia,Northcliffe,Puce,SPRING,2023,Rubia.Northcliffe@email.com
729,Ginger,Choppen,Crimson,SPRING,2022,Ginger.Choppen@email.com
730,Kassia,Getley,Teal,SUMMER,2025,Kassia.Getley@email.com
731,Celestyn,Sebley,Green,SPRING,2024,Celestyn.Sebley@email.com
732,Reena,Hargrove,Orange,SUMMER,2024,Reena.Hargrove@email.com
733,Glenna,Ramshay,Crimson,FALL,2022,Glenna.Ramshay@email.com
734,Katti,Hitscher,Orange,WINTER,2023,Katti.Hitscher@email.com
735,Karalee,Mabon,Teal,FALL,2024,Karalee.Mabon@email.com
736,Hildagarde,Sewards,Orange,FALL,2025,Hildagarde.Sewards@email.com
737,Hatty,Petken,Blue,SUMMER,2024,Hatty.Petken@email.com
738,Roderick,Gally,Teal,SPRING,2023,Roderick.Gally@email.com
739,Garfield,Laguerre,Aquamarine,SUMMER,2022,Garfield.Laguerre@email.com
740,Morgen,Crone,Khaki,WINTER,2025,Morgen.Crone@email.com
741,Saree,Hawton,Mauv,SPRING,2025,Saree.Hawton@email.com
742,Kathie,Cornthwaite,Purple,FALL,2024,Kathie.Cornthwaite@email.com
743,Eadmund,Yesenev,Crimson,FALL,2022,Eadmund.Yesenev@email.com
744,Arri,China,Crimson,WINTER,2024,Arri.China@email.com
745,Kira,Blackesland,Yellow,SUMMER,2024,Kira.Blackesland@email.com
746,Cheryl,Holdron,Violet,FALL,2023,Cheryl.Holdron@email.com
747,Anjela,Barok,Puce,WINTER,2022,Anjela.Barok@email.com
748,Woodman,Jordison,Maroon,SUMMER,2022,Woodman.Jordison@email.com
749,Jerrie,Dowty,Maroon,SUMMER,2025,Jerrie.Dowty@email.com
750,Siouxie,Downton,Violet,FALL,2024,Siouxie.Downton@email.com
751,Blinny,Waren,Goldenrod,SPRING,2022,Blinny.Waren@email.com
752,Cord,Loeber,Crimson,WINTER,2025,Cord.Loeber@email.com
753,Doralynn,Leimster,Purple,SUMMER,2022,Doralynn.Leimster@email.com
754,Janelle,Jakubovits,Khaki,SPRING,2023,Janelle.Jakubovits@email.com
755,Calley,Sherewood,Khaki,WINTER,2022,Calley.Sherewood@email.com
756,Malynda,Stoven,Aquamarine,FALL,2022,Malynda.Stoven@email.com
757,Darcy,Boichat,Pink,SUMMER,2023,Darcy.Boichat@email.com
758,Roda,Abbets,Yellow,SUMMER,2023,Roda.Abbets@email.com
759,Glenn,Cogzell,Turquoise,SPRING,2022,Glenn.Cogzell@email.com
760,Hewitt,Marczyk,Green,FALL,2023,Hewitt.Marczyk@email.com
761,Bess,Wagge,Teal,SUMMER,2024,Bess.Wagge@email.com
762,Lianna,Hoffmann,Orange,FALL,2025,Lianna.Hoffmann@email.com
763,Augustina,Bromby,Yellow,FALL,2022,Augustina.Bromby@email.com
764,Gwyneth,Heineking,Teal,FALL,2022,Gwyneth.Heineking@email.com
765,Borden,Di Dello,Violet,SPRING,2022,Borden.Di Dello@email.com
766,Nanny,Bowden,Aquamarine,SPRING,2024,Nanny.Bowden@email.com
767,Husain,Marusyak,Pink,FALL,2024,Husain.Marusyak@email.com
768,Berky,Leyton,Green,WINTER,2024,Berky.Leyton@email.com
769,Reider,Fautly,Indigo,SUMMER,2024,Reider.Fautly@email.com
770,Niven,Evers,Purple,FALL,2024,Niven.Evers@email.com
771,Cindi,Bendix,Crimson,SUMMER,2024,Cindi.Bendix@email.com
772,Lucretia,Stegers,Blue,SUMMER,2024,Lucretia.Stegers@email.com
773,Justinian,McCarry,Yellow,SPRING,2025,Justinian.McCarry@email.com
774,Timofei,Mouget,Orange,WINTER,2023,Timofei.Mouget@email.com
775,Ethelda,Tremmil,Fuscia,SPRING,2022,Ethelda.Tremmil@email.com
776,Hali,Zeal,Blue,SUMMER,2023,Hali.Zeal@email.com
777,Kelwin,Stean,Fuscia,SPRING,2024,Kelwin.Stean@email.com
778,Shayne,Georgot,Indigo,SUMMER,2024,Shayne.Georgot@email.com
779,Arlee,Anstiss,Fuscia,SUMMER,2025,Arlee.Anstiss@email.com
780,Harman,Dunklee,Teal,FALL,2022,Harman.Dunklee@email.com
781,Edita,O'Heneghan,Red,SPRING,2022,Edita.O'Heneghan@email.com
782,Cristina,Meneely,Mauv,WINTER,2024,Cristina.Meneely@email.com
783,Hewet,Mulvaney,Goldenrod,SUMMER,2022,Hewet.Mulvaney@email.com
784,Dyanna,Vanstone,Maroon,SUMMER,2025,Dyanna.Vanstone@email.com
785,Stafani,Hattoe,Orange,SPRING,2022,Stafani.Hattoe@email.com
786,Ignacius,Aspray,Khaki,SPRING,2024,Ignacius.Aspray@email.com
787,Tiebold,Zanni,Turquoise,WINTER,2023,Tiebold.Zanni@email.com
788,Findley,Ollivier,Crimson,FALL,2024,Findley.Ollivier@email.com
789,Gar,McInnes,Violet,SUMMER,2022,Gar.McInnes@email.com
790,Yank,Shanley,Violet,FALL,2024,Yank.Shanley@email.com
791,Jackquelin,Danilchik,Puce,WINTER,2023,Jackquelin.Danilchik@email.com
792,Fowler,Helwig,Goldenrod,SUMMER,2024,Fowler.Helwig@email.com
793,Ignaz,Moxom,Turquoise,FALL,2025,Ignaz.Moxom@email.com
794,Nancy,Butterworth,Crimson,SPRING,2025,Nancy.Butterworth@email.com
795,Brittani,Janik,Indigo,FALL,2025,Brittani.Janik@email.com
796,Lynda,Goomes,Mauv,WINTER,2023,Lynda.Goomes@email.com
797,Zorine,O'Looney,Crimson,SPRING,2022,Zorine.O'Looney@email.com
798,Jillane,Rachuig,Violet,FALL,2024,Jillane.Rachuig@email.com
799,Wynne,Grewcock,Teal,SPRING,2025,Wynne.Grewcock@email.com
800,Nealon,Keyson,Blue,FALL,2022,Nealon.Keyson@email.com
801,Alanah,Moulsdall,Red,SUMMER,2025,Alanah.Moulsdall@email.com
802,Nico,Whetton,Violet,FALL,2025,Nico.Whetton@email.com
803,Mohandis,Haken,Yellow,FALL,2022,Mohandis.Haken@email.com
804,Seth,Bertram,Teal,FALL,2025,Seth.Bertram@email.com
805,Christan,Gregore,Purple,SPRING,2022,Christan.Gregore@email.com
806,Dona,Ferrarone,Yellow,SPRING,2024,Dona.Ferrarone@email.com
807,Jan,Comer,Khaki,SUMMER,2023,Jan.Comer@email.com
808,Christabel,Robinson,Green,FALL,2023,Christabel.Robinson@email.com
809,Giuditta,Larkins,Yellow,SPRING,2025,Giuditta.Larkins@email.com
810,Clo,Allison,Teal,FALL,2022,Clo.Allison@email.com
811,Janey,Thew,Yellow,WINTER,2024,Janey.Thew@email.com
812,Harriot,Edmonson,Goldenrod,WINTER,2024,Harriot.Edmonson@email.com
813,Joeann,Wisdom,Aquamarine,SUMMER,2022,Joeann.Wisdom@email.com
814,Jacky,MacFarlane,Red,SUMMER,2025,Jacky.MacFarlane@email.com
815,Hobart,MacIntyre,Puce,FALL,2023,Hobart.MacIntyre@email.com
816,Onida,Kluss,Pink,SUMMER,2022,Onida.Kluss@email.com
817,Lambert,Hyett,Puce,SUMMER,2024,Lambert.Hyett@email.com
818,Antonietta,Gravenell,Green,WINTER,2022,Antonietta.Gravenell@email.com
819,Simona,Hanscom,Goldenrod,FALL,2022,Simona.Hanscom@email.com
820,Anica,Kees,Purple,WINTER,2023,Anica.Kees@email.com
821,Allie,Merryweather,Mauv,SUMMER,2025,Allie.Merryweather@email.com
822,Orville,Flecknoe,Turquoise,SUMMER,2024,Orville.Flecknoe@email.com
823,Kala,Vanini,Mauv,SPRING,2025,Kala.Vanini@email.com
824,Rosemarie,Freak,Mauv,WINTER,2024,Rosemarie.Freak@email.com
825,Lowrance,Poat,Fuscia,SPRING,2022,Lowrance.Poat@email.com
826,Layne,Straughan,Aquamarine,FALL,2024,Layne.Straughan@email.com
827,Rozele,Tonry,Aquamarine,SPRING,2025,Rozele.Tonry@email.com
828,Peterus,Skitterel,Orange,FALL,2025,Peterus.Skitterel@email.com
829,Meade,Tanton,Pink,SUMMER,2024,Meade.Tanton@email.com
830,Johannah,Kalkofer,Orange,FALL,2025,Johannah.Kalkofer@email.com
831,Sorcha,Pepi,Maroon,SUMMER,2023,Sorcha.Pepi@email.com
832,Gibby,Brunesco,Purple,SPRING,2022,Gibby.Brunesco@email.com
833,Barrie,Charrington,Blue,WINTER,2025,Barrie.Charrington@email.com
834,Raffarty,Simmen,Orange,SUMMER,2022,Raffarty.Simmen@email.com
835,Juana,Tydeman,Goldenrod,SPRING,2025,Juana.Tydeman@email.com
836,Amble,Keyme,Teal,FALL,2025,Amble.Keyme@email.com
837,Sibeal,Caen,Violet,SPRING,2024,Sibeal.Caen@email.com
838,Nev,Espie,Yellow,SPRING,2022,Nev.Espie@email.com
839,Falkner,Sargint,Teal,WINTER,2024,Falkner.Sargint@email.com
840,Ossie,Dyshart,Yellow,WINTER,2023,Ossie.Dyshart@email.com
841,Val,Currall,Aquamarine,FALL,2022,Val.Currall@email.com
842,Rachelle,Naerup,Turquoise,SUMMER,2025,Rachelle.Naerup@email.com
843,Evan,Sprowell,Purple,WINTER,2022,Evan.Sprowell@email.com
844,Trescha,Crichten,Turquoise,FALL,2023,Trescha.Crichten@email.com
845,Guthrey,De Cruce,Khaki,WINTER,2023,Guthrey.De Cruce@email.com
846,Consuelo,Emburey,Yellow,SPRING,2023,Consuelo.Emburey@email.com
847,Brander,O' Faherty,Maroon,WINTER,2022,Brander.O' Faherty@email.com
848,Chrissie,Cressy,Blue,SUMMER,2023,Chrissie.Cressy@email.com
849,Skylar,Liepins,Red,SPRING,2025,Skylar.Liepins@email.com
850,Hermie,Trayte,Pink,FALL,2025,Hermie.Trayte@email.com
851,Laetitia,Brocks,Crimson,SPRING,2024,Laetitia.Brocks@email.com
852,Miller,Becerra,Fuscia,SPRING,2023,Miller.Becerra@email.com
853,Margarette,Borzone,Puce,SPRING,2025,Margarette.Borzone@email.com
854,Ailbert,Bergin,Maroon,SUMMER,2024,Ailbert.Bergin@email.com
855,Orelle,Field,Violet,FALL,2025,Orelle.Field@email.com
856,Melania,Moodey,Aquamarine,SUMMER,2022,Melania.Moodey@email.com
857,Justinn,Selbie,Aquamarine,WINTER,2025,Justinn.Selbie@email.com
858,Deva,Provis,Purple,SUMMER,2022,Deva.Provis@email.com
859,Helene,Blue,Turquoise,SPRING,2023,Helene.Blue@email.com
860,Ginnie,Aleksich,Green,WINTER,2025,Ginnie.Aleksich@email.com
861,Becki,Hartgill,Puce,SPRING,2022,Becki.Hartgill@email.com
862,Che,Reglar,Teal,SUMMER,2024,Che.Reglar@email.com
863,Amity,Kubyszek,Purple,SUMMER,2024,Amity.Kubyszek@email.com
864,Garret,Henriet,Khaki,SUMMER,2025,Garret.Henriet@email.com
865,Olvan,Trengove,Goldenrod,SPRING,2024,Olvan.Trengove@email.com
866,Herculie,Jereatt,Aquamarine,SPRING,2025,Herculie.Jereatt@email.com
867,Shirley,MacDonogh,Purple,FALL,2025,Shirley.MacDonogh@email.com
868,Rudy,Janosevic,Crimson,WINTER,2025,Rudy.Janosevic@email.com
869,Saunders,McCourt,Violet,SUMMER,2024,Saunders.McCourt@email.com
870,Deb,Falkner,Yellow,SPRING,2025,Deb.Falkner@email.com
871,Justus,McGenis,Maroon,FALL,2022,Justus.McGenis@email.com
872,Atlanta,Balnave,Mauv,SUMMER,2023,Atlanta.Balnave@email.com
873,Montgomery,Holah,Khaki,WINTER,2023,Montgomery.Holah@email.com
874,Abner,Aldham,Puce,FALL,2023,Abner.Aldham@email.com
875,Adamo,Kubista,Teal,FALL,2024,Adamo.Kubista@email.com
876,Martguerita,Kealey,Puce,SPRING,2022,Martguerita.Kealey@email.com
877,Adeline,Sherrington,Mauv,WINTER,2025,Adeline.Sherrington@email.com
878,Sheelagh,Hegge,Purple,FALL,2022,Sheelagh.Hegge@email.com
879,Cobb,Butting,Maroon,FALL,2022,Cobb.Butting@email.com
880,Adolphus,Cambridge,Maroon,SPRING,2022,Adolphus.Cambridge@email.com
881,Aloin,Gerrill,Blue,WINTER,2025,Aloin.Gerrill@email.com
882,Nathanael,Bandey,Fuscia,FALL,2023,Nathanael.Bandey@email.com
883,Fionna,Darke,Turquoise,SPRING,2023,Fionna.Darke@email.com
884,Davina,Dobsons,Fuscia,FALL,2023,Davina.Dobsons@email.com
885,Dionne,Abramovitch,Yellow,FALL,2024,Dionne.Abramovitch@email.com
886,Evyn,Farnorth,Orange,SPRING,2024,Evyn.Farnorth@email.com
887,Monroe,Gemmell,Orange,SUMMER,2024,Monroe.Gemmell@email.com
888,Sada,Arrowsmith,Violet,SUMMER,2023,Sada.Arrowsmith@email.com
889,Inger,Crowcher,Turquoise,WINTER,2023,Inger.Crowcher@email.com
890,Tabby,Bowne,Orange,WINTER,2024,Tabby.Bowne@email.com
891,Benny,Harkess,Khaki,SUMMER,2025,Benny.Harkess@email.com
892,Naoma,Rubinovitsch,Violet,SPRING,2022,Naoma.Rubinovitsch@email.com
893,Denny,Fruser,Teal,SPRING,2022,Denny.Fruser@email.com
894,Radcliffe,Amburgy,Mauv,WINTER,2023,Radcliffe.Amburgy@email.com
895,Gaynor,Birrane,Pink,FALL,2022,Gaynor.Birrane@email.com
896,Carline,Warlowe,Fuscia,WINTER,2025,Carline.Warlowe@email.com
897,Maisie,Medway,Crimson,SPRING,2022,Maisie.Medway@email.com
898,Doralyn,Palleske,Turquoise,FALL,2024,Doralyn.Palleske@email.com
899,Fletch,Featenby,Blue,WINTER,2025,Fletch.Featenby@email.com
900,Lida,Byars,Violet,SUMMER,2025,Lida.Byars@email.com
901,Genni,O'Cooney,Blue,SUMMER,2023,Genni.O'Cooney@email.com
902,Chaddy,Tosdevin,Fuscia,FALL,2022,Chaddy.Tosdevin@email.com
903,Chadwick,Holley,Turquoise,SPRING,2023,Chadwick.Holley@email.com
904,Appolonia,Acum,Purple,FALL,2025,Appolonia.Acum@email.com
905,June,Blakebrough,Pink,FALL,2025,June.Blakebrough@email.com
906,Dori,Marran,Goldenrod,WINTER,2022,Dori.Marran@email.com
907,Timoteo,Rathbourne,Red,SUMMER,2022,Timoteo.Rathbourne@email.com
908,Dalenna,Brunton,Turquoise,SPRING,2022,Dalenna.Brunton@email.com
909,Karrie,Bruyett,Green,SUMMER,2023,Karrie.Bruyett@email.com
910,Domingo,Shaddock,Blue,FALL,2025,Domingo.Shaddock@email.com
911,Rivalee,Quirke,Indigo,SPRING,2025,Rivalee.Quirke@email.com
912,Nevsa,Coopman,Green,SPRING,2022,Nevsa.Coopman@email.com
913,Andonis,Forrest,Goldenrod,SPRING,2025,Andonis.Forrest@email.com
914,Smitty,Dearlove,Crimson,SUMMER,2025,Smitty.Dearlove@email.com
915,Shelagh,Bergeau,Maroon,SUMMER,2023,Shelagh.Bergeau@email.com
916,Gerty,Blazejewski,Turquoise,SUMMER,2024,Gerty.Blazejewski@email.com
917,Cesare,Kinghorne,Green,FALL,2022,Cesare.Kinghorne@email.com
918,Mathilde,Andrus,Khaki,SUMMER,2024,Mathilde.Andrus@email.com
919,Eal,McGilben,Puce,SUMMER,2024,Eal.McGilben@email.com
920,Doralia,Ferguson,Violet,WINTER,2023,Doralia.Ferguson@email.com
921,Riobard,Reisenberg,Green,SPRING,2024,Riobard.Reisenberg@email.com
922,Ewen,Costellow,Maroon,FALL,2022,Ewen.Costellow@email.com
923,Carlynn,Baldini,Fuscia,WINTER,2025,Carlynn.Baldini@email.com
924,Justus,Cowpertwait,Maroon,SPRING,2023,Justus.Cowpertwait@email.com
925,Erica,Sellan,Purple,WINTER,2022,Erica.Sellan@email.com
926,Inge,Tift,Khaki,WINTER,2023,Inge.Tift@email.com
927,Klara,O'Lagen,Mauv,FALL,2025,Klara.O'Lagen@email.com
928,Ardith,Flamank,Fuscia,WINTER,2025,Ardith.Flamank@email.com
929,Walsh,McLukie,Pink,WINTER,2023,Walsh.McLukie@email.com
930,Quinton,Coate,Violet,SUMMER,2025,Quinton.Coate@email.com
931,Melvyn,Trusler,Fuscia,SUMMER,2024,Melvyn.Trusler@email.com
932,Easter,Coda,Violet,FALL,2023,Easter.Coda@email.com
933,Don,Caton,Khaki,SPRING,2025,Don.Caton@email.com
934,Cleopatra,Tubbs,Purple,SPRING,2022,Cleopatra.Tubbs@email.com
935,Gabrila,Edelston,Green,WINTER,2024,Gabrila.Edelston@email.com
936,Nicolis,Decort,Green,FALL,2025,Nicolis.Decort@email.com
937,Nicki,Walkden,Indigo,SPRING,2023,Nicki.Walkden@email.com
938,Trina,Grimsley,Khaki,WINTER,2024,Trina.Grimsley@email.com
939,Emilee,Ingle,Maroon,SUMMER,2023,Emilee.Ingle@email.com
940,Iver,Wayper,Turquoise,WINTER,2022,Iver.Wayper@email.com
941,Tootsie,Gerrans,Maroon,SUMMER,2023,Tootsie.Gerrans@email.com
942,Boyd,Caltera,Maroon,WINTER,2025,Boyd.Caltera@email.com
943,Moishe,Frood,Aquamarine,FALL,2024,Moishe.Frood@email.com
944,Bren,Volker,Blue,FALL,2025,Bren.Volker@email.com
945,Dory,Crewes,Pink,FALL,2022,Dory.Crewes@email.com
946,Abigael,O'Corr,Pink,WINTER,2022,Abigael.O'Corr@email.com
947,Katie,Frisel,Khaki,WINTER,2022,Katie.Frisel@email.com
948,Annecorinne,Lufkin,Red,WINTER,2023,Annecorinne.Lufkin@email.com
949,Harri,Lushey,Red,SPRING,2024,Harri.Lushey@email.com
950,Gabriella,Jezzard,Puce,SUMMER,2023,Gabriella.Jezzard@email.com
951,Rene,Moores,Orange,FALL,2023,Rene.Moores@email.com
952,Delmore,Dericot,Violet,SUMMER,2023,Delmore.Dericot@email.com
953,Doria,Blick,Maroon,SUMMER,2023,Doria.Blick@email.com
954,Pat,Leonarde,Goldenrod,SPRING,2025,Pat.Leonarde@email.com
955,Jeri,Ruskin,Goldenrod,SUMMER,2025,Jeri.Ruskin@email.com
956,Rufe,Whiteway,Red,SPRING,2023,Rufe.Whiteway@email.com
957,Addie,Argabrite,Yellow,WINTER,2022,Addie.Argabrite@email.com
958,Lucky,Whittleton,Teal,SUMMER,2023,Lucky.Whittleton@email.com
959,Flossy,Lorans,Aquamarine,SPRING,2022,Flossy.Lorans@email.com
960,Pietrek,Ogdahl,Purple,FALL,2025,Pietrek.Ogdahl@email.com
961,Adriena,Ramalho,Goldenrod,FALL,2023,Adriena.Ramalho@email.com
962,Wilbur,Waddie,Khaki,FALL,2024,Wilbur.Waddie@email.com
963,Analise,Samsin,Crimson,FALL,2025,Analise.Samsin@email.com
964,Tracie,Moakson,Turquoise,WINTER,2025,Tracie.Moakson@email.com
965,Immanuel,Asaaf,Violet,SPRING,2025,Immanuel.Asaaf@email.com
966,Arel,Dagworthy,Violet,WINTER,2023,Arel.Dagworthy@email.com
967,Gabbie,Molines,Teal,WINTER,2023,Gabbie.Molines@email.com
968,Ninnetta,Halle,Red,SUMMER,2024,Ninnetta.Halle@email.com
969,Annis,Davis,Teal,WINTER,2023,Annis.Davis@email.com
970,Thalia,Louche,Puce,WINTER,2022,Thalia.Louche@email.com
971,Sileas,Broxton,Mauv,FALL,2025,Sileas.Broxton@email.com
972,Demetrius,Pullan,Khaki,WINTER,2025,Demetrius.Pullan@email.com
973,Johannes,Talton,Turquoise,FALL,2023,Johannes.Talton@email.com
974,Billie,Saw,Indigo,WINTER,2023,Billie.Saw@email.com
975,Liza,Iliffe,Orange,WINTER,2024,Liza.Iliffe@email.com
976,Cally,Ottawell,Violet,WINTER,2024,Cally.Ottawell@email.com
977,Else,Summerfield,Aquamarine,SUMMER,2025,Else.Summerfield@email.com
978,Wald,Luberti,Green,FALL,2024,Wald.Luberti@email.com
979,Madeleine,Domesday,Goldenrod,SUMMER,2025,Madeleine.Domesday@email.com
980,Arabelle,Banfield,Goldenrod,SUMMER,2024,Arabelle.Banfield@email.com
981,Adrienne,Gardiner,Green,SUMMER,2022,Adrienne.Gardiner@email.com
982,Hilary,Enos,Puce,WINTER,2023,Hilary.Enos@email.com
983,Jobyna,Moxson,Fuscia,WINTER,2022,Jobyna.Moxson@email.com
984,Inge,McKleod,Puce,WINTER,2024,Inge.McKleod@email.com
985,Cal,Clowes,Green,FALL,2023,Cal.Clowes@email.com
986,Jackie,Farrow,Puce,FALL,2025,Jackie.Farrow@email.com
987,Giovanna,Lydford,Yellow,FALL,2024,Giovanna.Lydford@email.com
988,Alma,Capp,Crimson,SPRING,2025,Alma.Capp@email.com
989,Mariette,Arlow,Violet,SPRING,2024,Mariette.Arlow@email.com
990,Deborah,Longhorne,Crimson,FALL,2022,Deborah.Longhorne@email.com
991,Barry,Stebbings,Teal,SUMMER,2022,Barry.Stebbings@email.com
992,Ellary,Levane,Khaki,WINTER,2022,Ellary.Levane@email.com
993,Erda,Binnion,Pink,SPRING,2024,Erda.Binnion@email.com
994,Gun,Faill,Turquoise,SPRING,2023,Gun.Faill@email.com
995,Jilleen,Izakof,Mauv,WINTER,2025,Jilleen.Izakof@email.com
996,Jade,Tipler,Purple,SUMMER,2025,Jade.Tipler@email.com
997,Ambrosi,Ackred,Aquamarine,SPRING,2025,Ambrosi.Ackred@email.com
998,Fabe,O'Mara,Green,WINTER,2023,Fabe.O'Mara@email.com
999,Salomo,Gammack,Pink,WINTER,2025,Salomo.Gammack@email.com
1000,Quent,Tinston,Goldenrod,FALL,2024,Quent.Tinston@email.com
