id,FirstName,LastName,Major,Season,Year,email
1,Estel,Tincombe,ATMO,Spring,2024,Estel.Tincombe@email.com
2,Cam,Crumley,BIO,Summer,2024,Cam.Crumley@email.com
3,Rhonda,Locock,BME,Winter,2022,Rhonda.Locock@email.com
4,Phil,Guiso,BMT,Fall,2023,Phil.Guiso@email.com
5,Ida,Sizland,CHEME,Spring,2022,Ida.Sizland@email.com
6,Dorris,Whybray,CHEM,Summer,2022,Dorris.Whybray@email.com
7,Cynde,Mathet,CE,Winter,2023,Cynde.Mathet@email.com
8,Dillie,McKeeman,CENG,Fall,2025,Dillie.McKeeman@email.com
9,Cyrillus,Abrahami,CSC,Spring,2022,Cyrillus.Abrahami@email.com
10,Kalila,Danilovic,EE,Summer,2024,Kalila.Danilovic@email.com
11,Niccolo,Smitham,GEOE,Winter,2022,Niccolo.Smitham@email.com
12,Yvon,Bayless,GEO,Fall,2024,Yvon.Bayless@email.com
13,Catlin,Ebbin,IS,Spring,2024,Catlin.Ebbin@email.com
14,Kathye,Maidlow,MATH,Summer,2024,Kathye.Maidlow@email.com
15,Sophey,Keigher,ME,Winter,2024,Sophey.Keigher@email.com
16,Jarad,Tague,MET,Fall,2023,Jarad.Tague@email.com
17,Kendal,Greenslade,PHYS,Spring,2022,Kendal.Greenslade@email.com
18,Laurence,Dorken,STS,Summer,2025,Laurence.Dorken@email.com
19,Alonso,Pryde,MINE,Winter,2024,Alonso.Pryde@email.com
20,Jodi,Philpots,ATMO,Fall,2022,Jodi.Philpots@email.com
21,Christel,Ivashkov,BIO,Spring,2024,Christel.Ivashkov@email.com
22,Winona,Hardbattle,BME,Summer,2022,Winona.Hardbattle@email.com
23,Melesa,Ridesdale,BMT,Winter,2025,Melesa.Ridesdale@email.com
24,Del,Padwick,CHEME,Fall,2025,Del.Padwick@email.com
25,Zena,Joberne,CHEM,Spring,2025,Zena.Joberne@email.com
26,Emelen,Tordoff,CE,Summer,2022,Emelen.Tordoff@email.com
27,Goldie,Petford,CENG,Winter,2022,Goldie.Petford@email.com
28,Lauraine,Struan,CSC,Fall,2023,Lauraine.Struan@email.com
29,Jacquelin,Capeloff,EE,Spring,2025,Jacquelin.Capeloff@email.com
30,Cynthia,Fraine,GEOE,Summer,2025,Cynthia.Fraine@email.com
31,Almeria,O'Lagene,GEO,Winter,2024,Almeria.O'Lagene@email.com
32,Odelinda,Philippeaux,IS,Fall,2024,Odelinda.Philippeaux@email.com
33,Brande,Joney,MATH,Spring,2025,Brande.Joney@email.com
34,Ogdon,Quodling,ME,Summer,2023,Ogdon.Quodling@email.com
35,Ted,Digle,MET,Winter,2023,Ted.Digle@email.com
36,Terrence,Gorvette,PHYS,Fall,2023,Terrence.Gorvette@email.com
37,Mathilde,O'Shiel,STS,Spring,2025,Mathilde.O'Shiel@email.com
38,Korney,Sparling,MINE,Summer,2023,Korney.Sparling@email.com
39,Horton,Greenrodd,ATMO,Winter,2022,Horton.Greenrodd@email.com
40,Sauveur,Rodrigo,BIO,Fall,2024,Sauveur.Rodrigo@email.com
41,Leah,Exposito,BME,Spring,2025,Leah.Exposito@email.com
42,Torry,Roisen,BMT,Summer,2023,Torry.Roisen@email.com
43,Bendix,Norquoy,CHEME,Winter,2024,Bendix.Norquoy@email.com
44,Blisse,Reilingen,CHEM,Fall,2024,Blisse.Reilingen@email.com
45,Barbey,Groundwator,CE,Spring,2025,Barbey.Groundwator@email.com
46,Evonne,Daen,CENG,Summer,2025,Evonne.Daen@email.com
47,Raleigh,Darnody,CSC,Winter,2022,Raleigh.Darnody@email.com
48,Alli,Venable,EE,Fall,2022,Alli.Venable@email.com
49,Tina,McCahey,GEOE,Spring,2023,Tina.McCahey@email.com
50,Portie,Blaes,GEO,Summer,2025,Portie.Blaes@email.com
51,Paige,Giffard,IS,Winter,2022,Paige.Giffard@email.com
52,Drusy,Barchrameev,MATH,Fall,2023,Drusy.Barchrameev@email.com
53,Quincy,Hanvey,ME,Spring,2025,Quincy.Hanvey@email.com
54,Karine,Chill,MET,Summer,2023,Karine.Chill@email.com
55,Tim,Rama,PHYS,Winter,2024,Tim.Rama@email.com
56,Ward,Farnon,STS,Fall,2024,Ward.Farnon@email.com
57,Kristos,Bough,MINE,Spring,2024,Kristos.Bough@email.com
58,Slade,Benley,ATMO,Summer,2024,Slade.Benley@email.com
59,Aloisia,Rude,BIO,Winter,2023,Aloisia.Rude@email.com
60,Booth,Charlson,BME,Fall,2025,Booth.Charlson@email.com
61,Rowe,Domange,BMT,Spring,2025,Rowe.Domange@email.com
62,Cacilia,Janicijevic,CHEME,Summer,2025,Cacilia.Janicijevic@email.com
63,Michele,Labitt,CHEM,Winter,2022,Michele.Labitt@email.com
64,Addia,St Angel,CE,Fall,2024,Addia.St Angel@email.com
65,Avie,Malam,CENG,Spring,2022,Avie.Malam@email.com
66,Charles,Heustace,CSC,Summer,2024,Charles.Heustace@email.com
67,Patience,Kerss,EE,Winter,2023,Patience.Kerss@email.com
68,Dominik,Bocken,GEOE,Fall,2024,Dominik.Bocken@email.com
69,Fabien,Annett,GEO,Spring,2025,Fabien.Annett@email.com
70,Eugen,Shervil,IS,Summer,2024,Eugen.Shervil@email.com
71,Harrie,Kepp,MATH,Winter,2023,Harrie.Kepp@email.com
72,Nat,Hakking,ME,Fall,2022,Nat.Hakking@email.com
73,Eyde,Hamal,MET,Spring,2023,Eyde.Hamal@email.com
74,Haskel,Tonsley,PHYS,Summer,2025,Haskel.Tonsley@email.com
75,Cordell,Howieson,STS,Winter,2022,Cordell.Howieson@email.com
76,Raffarty,Daber,MINE,Fall,2024,Raffarty.Daber@email.com
77,Lorettalorna,Bresson,ATMO,Spring,2022,Lorettalorna.Bresson@email.com
78,Mufi,Nani,BIO,Summer,2022,Mufi.Nani@email.com
79,Skipp,Rampley,BME,Winter,2024,Skipp.Rampley@email.com
80,Pauletta,Ranvoise,BMT,Fall,2024,Pauletta.Ranvoise@email.com
81,Kati,Erwin,CHEME,Spring,2023,Kati.Erwin@email.com
82,Darda,Ivanishev,CHEM,Summer,2022,Darda.Ivanishev@email.com
83,Jedediah,Ridgewell,CE,Winter,2024,Jedediah.Ridgewell@email.com
84,Miltie,Hugland,CENG,Fall,2024,Miltie.Hugland@email.com
85,Joya,Nassy,CSC,Spring,2022,Joya.Nassy@email.com
86,Odey,Scafe,EE,Summer,2022,Odey.Scafe@email.com
87,Amalle,Orrett,GEOE,Winter,2023,Amalle.Orrett@email.com
88,Hewett,Rizzardini,GEO,Fall,2023,Hewett.Rizzardini@email.com
89,Meghan,Lonergan,IS,Spring,2025,Meghan.Lonergan@email.com
90,Ermengarde,Caberas,MATH,Summer,2024,Ermengarde.Caberas@email.com
91,Melina,Webley,ME,Winter,2025,Melina.Webley@email.com
92,Augustine,Parramore,MET,Fall,2022,Augustine.Parramore@email.com
93,Margo,January,PHYS,Spring,2023,Margo.January@email.com
94,Wells,MacKimm,STS,Summer,2024,Wells.MacKimm@email.com
95,Bradney,Mineghelli,MINE,Winter,2024,Bradney.Mineghelli@email.com
96,Georas,Seres,ATMO,Fall,2025,Georas.Seres@email.com
97,Gavrielle,Cordaroy,BIO,Spring,2025,Gavrielle.Cordaroy@email.com
98,Maureen,Caslett,BME,Summer,2025,Maureen.Caslett@email.com
99,Alexandros,Bleibaum,BMT,Winter,2022,Alexandros.Bleibaum@email.com
100,Kristien,Bollins,CHEME,Fall,2025,Kristien.Bollins@email.com
101,Hartwell,Burfitt,CHEM,Spring,2022,Hartwell.Burfitt@email.com
102,Waite,Accombe,CE,Summer,2022,Waite.Accombe@email.com
103,Juliana,Faye,CENG,Winter,2022,Juliana.Faye@email.com
104,Auberon,Berrie,CSC,Fall,2022,Auberon.Berrie@email.com
105,Heall,Gerling,EE,Spring,2023,Heall.Gerling@email.com
106,Tiffany,Croall,GEOE,Summer,2025,Tiffany.Croall@email.com
107,Britteny,Goundrill,GEO,Winter,2024,Britteny.Goundrill@email.com
108,Sid,Markovic,IS,Fall,2025,Sid.Markovic@email.com
109,Gene,Killingback,MATH,Spring,2024,Gene.Killingback@email.com
110,Tades,Lippiett,ME,Summer,2025,Tades.Lippiett@email.com
111,Nonnah,Ubank,MET,Winter,2025,Nonnah.Ubank@email.com
112,Siusan,Lampe,PHYS,Fall,2024,Siusan.Lampe@email.com
113,Cherish,Guiver,STS,Spring,2024,Cherish.Guiver@email.com
114,Norine,Blaiklock,MINE,Summer,2022,Norine.Blaiklock@email.com
115,Gilbert,Friend,ATMO,Winter,2024,Gilbert.Friend@email.com
116,Leelah,McNeillie,BIO,Fall,2024,Leelah.McNeillie@email.com
117,Clair,Kivelle,BME,Spring,2023,Clair.Kivelle@email.com
118,Lonnie,Knee,BMT,Summer,2025,Lonnie.Knee@email.com
119,Dionisio,Soloway,CHEME,Winter,2022,Dionisio.Soloway@email.com
120,Eli,Yegoshin,CHEM,Fall,2025,Eli.Yegoshin@email.com
121,Oona,Loweth,CE,Spring,2024,Oona.Loweth@email.com
122,Lizzy,Tomalin,CENG,Summer,2024,Lizzy.Tomalin@email.com
123,Keary,Manifield,CSC,Winter,2023,Keary.Manifield@email.com
124,Marven,Briztman,EE,Fall,2023,Marven.Briztman@email.com
125,Sigfrid,Avramovic,GEOE,Spring,2024,Sigfrid.Avramovic@email.com
126,Laetitia,Casaletto,GEO,Summer,2024,Laetitia.Casaletto@email.com
127,Daniela,Ten Broek,IS,Winter,2022,Daniela.Ten Broek@email.com
128,Tammi,Craig,MATH,Fall,2025,Tammi.Craig@email.com
129,Guilbert,Rathborne,ME,Spring,2022,Guilbert.Rathborne@email.com
130,Storm,Fisbburne,MET,Summer,2025,Storm.Fisbburne@email.com
131,Torre,Laxton,PHYS,Winter,2025,Torre.Laxton@email.com
132,Onofredo,Pearcy,STS,Fall,2022,Onofredo.Pearcy@email.com
133,Birgitta,McGlone,MINE,Spring,2022,Birgitta.McGlone@email.com
134,Raff,Yelland,ATMO,Summer,2022,Raff.Yelland@email.com
135,Teddie,Rylatt,BIO,Winter,2022,Teddie.Rylatt@email.com
136,Alaster,Canniffe,BME,Fall,2025,Alaster.Canniffe@email.com
137,Debbie,Laurie,BMT,Spring,2025,Debbie.Laurie@email.com
138,Leelah,Musker,CHEME,Summer,2024,Leelah.Musker@email.com
139,Zenia,Bernardino,CHEM,Winter,2023,Zenia.Bernardino@email.com
140,Enrichetta,Lampett,CE,Fall,2024,Enrichetta.Lampett@email.com
141,Timothea,Clemits,CENG,Spring,2025,Timothea.Clemits@email.com
142,Margalo,Storah,CSC,Summer,2022,Margalo.Storah@email.com
143,Wheeler,Jurca,EE,Winter,2025,Wheeler.Jurca@email.com
144,Hayward,Aimer,GEOE,Fall,2022,Hayward.Aimer@email.com
145,Alistair,Hyams,GEO,Spring,2022,Alistair.Hyams@email.com
146,Katharyn,Domel,IS,Summer,2022,Katharyn.Domel@email.com
147,Otto,Busse,MATH,Winter,2023,Otto.Busse@email.com
148,Henderson,Pettis,ME,Fall,2022,Henderson.Pettis@email.com
149,Colan,Minchinden,MET,Spring,2025,Colan.Minchinden@email.com
150,Bart,Espley,PHYS,Summer,2025,Bart.Espley@email.com
151,Christine,McGaffey,STS,Winter,2023,Christine.McGaffey@email.com
152,Queenie,Baelde,MINE,Fall,2022,Queenie.Baelde@email.com
153,Jesse,Smitton,ATMO,Spring,2022,Jesse.Smitton@email.com
154,Tracey,Schutze,BIO,Summer,2025,Tracey.Schutze@email.com
155,Sarine,Sussans,BME,Winter,2022,Sarine.Sussans@email.com
156,Austin,Tratton,BMT,Fall,2024,Austin.Tratton@email.com
157,Legra,Spragg,CHEME,Spring,2025,Legra.Spragg@email.com
158,Maryanne,Dowse,CHEM,Summer,2024,Maryanne.Dowse@email.com
159,Aleece,Mattiussi,CE,Winter,2022,Aleece.Mattiussi@email.com
160,Selene,Girkins,CENG,Fall,2025,Selene.Girkins@email.com
161,Mark,Fuzzard,CSC,Spring,2025,Mark.Fuzzard@email.com
162,Letty,Mesant,EE,Summer,2023,Letty.Mesant@email.com
163,Ebonee,Mouatt,GEOE,Winter,2025,Ebonee.Mouatt@email.com
164,Trista,Berkeley,GEO,Fall,2022,Trista.Berkeley@email.com
165,Milt,Pallis,IS,Spring,2023,Milt.Pallis@email.com
166,Asa,Neesam,MATH,Summer,2024,Asa.Neesam@email.com
167,Orelie,Downes,ME,Winter,2024,Orelie.Downes@email.com
168,Annalee,Longbone,MET,Fall,2025,Annalee.Longbone@email.com
169,Teena,Kadd,PHYS,Spring,2024,Teena.Kadd@email.com
170,Bunny,Parsley,STS,Summer,2023,Bunny.Parsley@email.com
171,Aprilette,Castella,MINE,Winter,2022,Aprilette.Castella@email.com
172,Nilson,Kepp,ATMO,Fall,2024,Nilson.Kepp@email.com
173,Donnajean,Goode,BIO,Spring,2022,Donnajean.Goode@email.com
174,Raina,Thing,BME,Summer,2023,Raina.Thing@email.com
175,Spense,Gillings,BMT,Winter,2025,Spense.Gillings@email.com
176,Delmor,Bonallack,CHEME,Fall,2023,Delmor.Bonallack@email.com
177,Nate,Rafe,CHEM,Spring,2024,Nate.Rafe@email.com
178,Stanfield,Castilla,CE,Summer,2023,Stanfield.Castilla@email.com
179,Arther,Slatcher,CENG,Winter,2023,Arther.Slatcher@email.com
180,Gifford,Breznovic,CSC,Fall,2024,Gifford.Breznovic@email.com
181,Leticia,Gostall,EE,Spring,2025,Leticia.Gostall@email.com
182,Mona,Lempke,GEOE,Summer,2025,Mona.Lempke@email.com
183,Rois,Jeays,GEO,Winter,2023,Rois.Jeays@email.com
184,Valentina,Minelli,IS,Fall,2025,Valentina.Minelli@email.com
185,Bethany,Bleddon,MATH,Spring,2024,Bethany.Bleddon@email.com
186,Chancey,Nelsey,ME,Summer,2023,Chancey.Nelsey@email.com
187,Ingar,Speachley,MET,Winter,2025,Ingar.Speachley@email.com
188,Malva,L'Hommee,PHYS,Fall,2024,Malva.L'Hommee@email.com
189,Carine,Carless,STS,Spring,2025,Carine.Carless@email.com
190,Alistair,Ostrich,MINE,Summer,2025,Alistair.Ostrich@email.com
191,Odele,Andryunin,ATMO,Winter,2023,Odele.Andryunin@email.com
192,Celine,Aspray,BIO,Fall,2025,Celine.Aspray@email.com
193,Ransell,Frankom,BME,Spring,2023,Ransell.Frankom@email.com
194,Fairlie,Willishire,BMT,Summer,2022,Fairlie.Willishire@email.com
195,Richmond,Reneke,CHEME,Winter,2025,Richmond.Reneke@email.com
196,Florrie,Walasik,CHEM,Fall,2025,Florrie.Walasik@email.com
197,Eddy,Burthom,CE,Spring,2023,Eddy.Burthom@email.com
198,Carrissa,Brands,CENG,Summer,2023,Carrissa.Brands@email.com
199,Donny,Dimbleby,CSC,Winter,2022,Donny.Dimbleby@email.com
200,Leeann,Dew,EE,Fall,2025,Leeann.Dew@email.com
201,Tedmund,Blakeston,GEOE,Spring,2022,Tedmund.Blakeston@email.com
202,Darrin,Wall,GEO,Summer,2025,Darrin.Wall@email.com
203,Alli,Plaister,IS,Winter,2022,Alli.Plaister@email.com
204,Andris,Quennell,MATH,Fall,2025,Andris.Quennell@email.com
205,Grayce,Walder,ME,Spring,2023,Grayce.Walder@email.com
206,Alair,Honack,MET,Summer,2023,Alair.Honack@email.com
207,Arlyn,Doorey,PHYS,Winter,2022,Arlyn.Doorey@email.com
208,Lindsey,Avery,STS,Fall,2024,Lindsey.Avery@email.com
209,Brook,Rollason,MINE,Spring,2024,Brook.Rollason@email.com
210,Katuscha,Pickworth,ATMO,Summer,2023,Katuscha.Pickworth@email.com
211,Ines,Vasilevich,BIO,Winter,2023,Ines.Vasilevich@email.com
212,Harlan,Zamorrano,BME,Fall,2024,Harlan.Zamorrano@email.com
213,Ramsay,Corrington,BMT,Spring,2023,Ramsay.Corrington@email.com
214,Bibi,Dabrowski,CHEME,Summer,2023,Bibi.Dabrowski@email.com
215,Vinita,Stener,CHEM,Winter,2023,Vinita.Stener@email.com
216,Norton,Ayllett,CE,Fall,2025,Norton.Ayllett@email.com
217,Lorraine,Harcombe,CENG,Spring,2024,Lorraine.Harcombe@email.com
218,Toddy,Jaeggi,CSC,Summer,2023,Toddy.Jaeggi@email.com
219,Cherilyn,Coster,EE,Winter,2024,Cherilyn.Coster@email.com
220,Brandtr,MacKinnon,GEOE,Fall,2024,Brandtr.MacKinnon@email.com
221,Omero,Izkovitch,GEO,Spring,2023,Omero.Izkovitch@email.com
222,Claude,De Cruce,IS,Summer,2023,Claude.De Cruce@email.com
223,Gamaliel,Caplan,MATH,Winter,2022,Gamaliel.Caplan@email.com
224,Deeyn,Dymott,ME,Fall,2023,Deeyn.Dymott@email.com
225,Tremaine,Torpie,MET,Spring,2024,Tremaine.Torpie@email.com
226,Carina,Eastbury,PHYS,Summer,2023,Carina.Eastbury@email.com
227,Tish,Dafforne,STS,Winter,2024,Tish.Dafforne@email.com
228,Luisa,Arlott,MINE,Fall,2023,Luisa.Arlott@email.com
229,Berte,Derisley,ATMO,Spring,2025,Berte.Derisley@email.com
230,Glen,McLenaghan,BIO,Summer,2025,Glen.McLenaghan@email.com
231,Blayne,Leynagh,BME,Winter,2024,Blayne.Leynagh@email.com
232,Jeannie,Siret,BMT,Fall,2024,Jeannie.Siret@email.com
233,Gae,Kos,CHEME,Spring,2024,Gae.Kos@email.com
234,Kathie,Atter,CHEM,Summer,2025,Kathie.Atter@email.com
235,Robert,Ferrao,CE,Winter,2022,Robert.Ferrao@email.com
236,Parry,Adamovsky,CENG,Fall,2024,Parry.Adamovsky@email.com
237,Nicholas,Beachamp,CSC,Spring,2024,Nicholas.Beachamp@email.com
238,Robinetta,Welden,EE,Summer,2025,Robinetta.Welden@email.com
239,Barnabas,Stud,GEOE,Winter,2022,Barnabas.Stud@email.com
240,Gradey,Squibe,GEO,Fall,2022,Gradey.Squibe@email.com
241,Tibold,Hansbury,IS,Spring,2023,Tibold.Hansbury@email.com
242,Opal,Kane,MATH,Summer,2022,Opal.Kane@email.com
243,Miller,Dogerty,ME,Winter,2025,Miller.Dogerty@email.com
244,Tadd,Lighton,MET,Fall,2022,Tadd.Lighton@email.com
245,Sandi,Antoniutti,PHYS,Spring,2022,Sandi.Antoniutti@email.com
246,Benton,Hardiman,STS,Summer,2022,Benton.Hardiman@email.com
247,Sonnie,Darkin,MINE,Winter,2023,Sonnie.Darkin@email.com
248,Rafaelia,Delagua,ATMO,Fall,2022,Rafaelia.Delagua@email.com
249,Aymer,Ashfold,BIO,Spring,2025,Aymer.Ashfold@email.com
250,Linda,Baelde,BME,Summer,2022,Linda.Baelde@email.com
251,Layne,Lievesley,BMT,Winter,2024,Layne.Lievesley@email.com
252,Venus,Sullivan,CHEME,Fall,2022,Venus.Sullivan@email.com
253,Rochette,Southeran,CHEM,Spring,2024,Rochette.Southeran@email.com
254,Guss,Crosdill,CE,Summer,2025,Guss.Crosdill@email.com
255,Neale,Lindblom,CENG,Winter,2022,Neale.Lindblom@email.com
256,Danielle,Dainty,CSC,Fall,2023,Danielle.Dainty@email.com
257,Moishe,Inge,EE,Spring,2022,Moishe.Inge@email.com
258,Tonia,Eronie,GEOE,Summer,2025,Tonia.Eronie@email.com
259,Blakelee,Cobson,GEO,Winter,2022,Blakelee.Cobson@email.com
260,Gusta,Agglione,IS,Fall,2022,Gusta.Agglione@email.com
261,Salomo,Paulazzi,MATH,Spring,2025,Salomo.Paulazzi@email.com
262,Ethelred,Burris,ME,Summer,2024,Ethelred.Burris@email.com
263,Filmore,Lideard,MET,Winter,2023,Filmore.Lideard@email.com
264,Waldon,Scolts,PHYS,Fall,2024,Waldon.Scolts@email.com
265,Martina,Cicccitti,STS,Spring,2025,Martina.Cicccitti@email.com
266,Goraud,Durrett,MINE,Summer,2024,Goraud.Durrett@email.com
267,Ardelis,Muncer,ATMO,Winter,2023,Ardelis.Muncer@email.com
268,Jeffrey,Marchello,BIO,Fall,2025,Jeffrey.Marchello@email.com
269,Jessamyn,Lobell,BME,Spring,2023,Jessamyn.Lobell@email.com
270,Randy,Bremeyer,BMT,Summer,2025,Randy.Bremeyer@email.com
271,Larissa,Writer,CHEME,Winter,2022,Larissa.Writer@email.com
272,Dniren,Poynor,CHEM,Fall,2025,Dniren.Poynor@email.com
273,Karena,Heinemann,CE,Spring,2024,Karena.Heinemann@email.com
274,Kipp,Leet,CENG,Summer,2025,Kipp.Leet@email.com
275,Dun,Tickner,CSC,Winter,2024,Dun.Tickner@email.com
276,Hetty,Ambrosini,EE,Fall,2024,Hetty.Ambrosini@email.com
277,Elva,Leversuch,GEOE,Spring,2023,Elva.Leversuch@email.com
278,Tonye,Tylor,GEO,Summer,2024,Tonye.Tylor@email.com
279,Gunar,Gartenfeld,IS,Winter,2022,Gunar.Gartenfeld@email.com
280,Ekaterina,Darton,MATH,Fall,2024,Ekaterina.Darton@email.com
281,Flinn,Bridell,ME,Spring,2022,Flinn.Bridell@email.com
282,Chet,Normanvell,MET,Summer,2024,Chet.Normanvell@email.com
283,Yvor,Folonin,PHYS,Winter,2022,Yvor.Folonin@email.com
284,Carlie,Cawker,STS,Fall,2023,Carlie.Cawker@email.com
285,Andra,Lambswood,MINE,Spring,2024,Andra.Lambswood@email.com
286,Faustina,Hairyes,ATMO,Summer,2024,Faustina.Hairyes@email.com
287,Elyse,Clarridge,BIO,Winter,2025,Elyse.Clarridge@email.com
288,Kirbee,Trase,BME,Fall,2025,Kirbee.Trase@email.com
289,Titus,Jedrasik,BMT,Spring,2023,Titus.Jedrasik@email.com
290,Melosa,Mobley,CHEME,Summer,2022,Melosa.Mobley@email.com
291,Erhart,Spalls,CHEM,Winter,2022,Erhart.Spalls@email.com
292,Bucky,Stammer,CE,Fall,2024,Bucky.Stammer@email.com
293,Sandra,Whereat,CENG,Spring,2023,Sandra.Whereat@email.com
294,Silvano,Guidelli,CSC,Summer,2024,Silvano.Guidelli@email.com
295,Lorenzo,Bairnsfather,EE,Winter,2025,Lorenzo.Bairnsfather@email.com
296,Jeff,Mackilpatrick,GEOE,Fall,2024,Jeff.Mackilpatrick@email.com
297,Brendon,Chimenti,GEO,Spring,2022,Brendon.Chimenti@email.com
298,Karon,Rusk,IS,Summer,2024,Karon.Rusk@email.com
299,Queenie,Cairney,MATH,Winter,2022,Queenie.Cairney@email.com
300,Tootsie,Cottam,ME,Fall,2023,Tootsie.Cottam@email.com
301,Anabella,Pierce,MET,Spring,2022,Anabella.Pierce@email.com
302,Antonie,Sell,PHYS,Summer,2025,Antonie.Sell@email.com
303,Jessalin,Geroldi,STS,Winter,2024,Jessalin.Geroldi@email.com
304,Devin,Kingsley,MINE,Fall,2022,Devin.Kingsley@email.com
305,Rudie,Frampton,ATMO,Spring,2023,Rudie.Frampton@email.com
306,Benedetto,Camies,BIO,Summer,2022,Benedetto.Camies@email.com
307,Biddie,Grece,BME,Winter,2022,Biddie.Grece@email.com
308,Floyd,Lawrence,BMT,Fall,2025,Floyd.Lawrence@email.com
309,Rooney,Schutze,CHEME,Spring,2025,Rooney.Schutze@email.com
310,Genevra,Connechie,CHEM,Summer,2023,Genevra.Connechie@email.com
311,Adlai,Mauger,CE,Winter,2022,Adlai.Mauger@email.com
312,Babb,Snelgar,CENG,Fall,2023,Babb.Snelgar@email.com
313,Tobias,Marconi,CSC,Spring,2022,Tobias.Marconi@email.com
314,Colly,Shipway,EE,Summer,2023,Colly.Shipway@email.com
315,Alair,Duffie,GEOE,Winter,2024,Alair.Duffie@email.com
316,Imelda,Cominotti,GEO,Fall,2024,Imelda.Cominotti@email.com
317,Michelle,Raund,IS,Spring,2022,Michelle.Raund@email.com
318,Melodie,Frusher,MATH,Summer,2024,Melodie.Frusher@email.com
319,Codi,Chidley,ME,Winter,2022,Codi.Chidley@email.com
320,Taddeo,Dobrowolski,MET,Fall,2024,Taddeo.Dobrowolski@email.com
321,Ida,Bridgwood,PHYS,Spring,2025,Ida.Bridgwood@email.com
322,Riobard,Dauney,STS,Summer,2022,Riobard.Dauney@email.com
323,Burch,Waghorn,MINE,Winter,2024,Burch.Waghorn@email.com
324,Chauncey,Dowglass,ATMO,Fall,2022,Chauncey.Dowglass@email.com
325,Chiquia,MacKibbon,BIO,Spring,2023,Chiquia.MacKibbon@email.com
326,Elora,Buney,BME,Summer,2025,Elora.Buney@email.com
327,Theodora,Jacquet,BMT,Winter,2025,Theodora.Jacquet@email.com
328,Ruy,Blacklawe,CHEME,Fall,2023,Ruy.Blacklawe@email.com
329,Cthrine,Hairsnape,CHEM,Spring,2025,Cthrine.Hairsnape@email.com
330,Menard,Dagless,CE,Summer,2025,Menard.Dagless@email.com
331,Elisabeth,Currm,CENG,Winter,2024,Elisabeth.Currm@email.com
332,Sandro,Cruce,CSC,Fall,2023,Sandro.Cruce@email.com
333,Brit,Pozzi,EE,Spring,2022,Brit.Pozzi@email.com
334,Wadsworth,Stanway,GEOE,Summer,2022,Wadsworth.Stanway@email.com
335,Noell,Lessmare,GEO,Winter,2023,Noell.Lessmare@email.com
336,Jana,Levison,IS,Fall,2022,Jana.Levison@email.com
337,Concordia,Tudball,MATH,Spring,2024,Concordia.Tudball@email.com
338,Allyn,Stannah,ME,Summer,2024,Allyn.Stannah@email.com
339,King,Agget,MET,Winter,2025,King.Agget@email.com
340,Aubree,Braune,PHYS,Fall,2023,Aubree.Braune@email.com
341,Roxie,Fawloe,STS,Spring,2022,Roxie.Fawloe@email.com
342,Anya,Eagle,MINE,Summer,2024,Anya.Eagle@email.com
343,Susannah,Pesak,ATMO,Winter,2022,Susannah.Pesak@email.com
344,Zeke,Wigley,BIO,Fall,2024,Zeke.Wigley@email.com
345,Theressa,Bruckenthal,BME,Spring,2025,Theressa.Bruckenthal@email.com
346,Abagael,Sambles,BMT,Summer,2022,Abagael.Sambles@email.com
347,Arin,Morpeth,CHEME,Winter,2022,Arin.Morpeth@email.com
348,Evan,Lermit,CHEM,Fall,2023,Evan.Lermit@email.com
349,Randa,Gaven,CE,Spring,2023,Randa.Gaven@email.com
350,Geoffry,O' Clovan,CENG,Summer,2022,Geoffry.O' Clovan@email.com
351,Luciana,Drowsfield,CSC,Winter,2024,Luciana.Drowsfield@email.com
352,Cornie,Swigger,EE,Fall,2024,Cornie.Swigger@email.com
353,Adler,Dy,GEOE,Spring,2025,Adler.Dy@email.com
354,Amby,Cushe,GEO,Summer,2023,Amby.Cushe@email.com
355,Averyl,Wotherspoon,IS,Winter,2022,Averyl.Wotherspoon@email.com
356,Else,Swinglehurst,MATH,Fall,2024,Else.Swinglehurst@email.com
357,Rhoda,Ladell,ME,Spring,2025,Rhoda.Ladell@email.com
358,Waite,Peirson,MET,Summer,2025,Waite.Peirson@email.com
359,Vachel,Lugsdin,PHYS,Winter,2025,Vachel.Lugsdin@email.com
360,Marlin,Kohter,STS,Fall,2024,Marlin.Kohter@email.com
361,Mortimer,Walentynowicz,MINE,Spring,2025,Mortimer.Walentynowicz@email.com
362,Ludovico,Moberley,ATMO,Summer,2022,Ludovico.Moberley@email.com
363,Janifer,Longhorne,BIO,Winter,2022,Janifer.Longhorne@email.com
364,Cortney,Wilcot,BME,Fall,2025,Cortney.Wilcot@email.com
365,Caro,Skews,BMT,Spring,2025,Caro.Skews@email.com
366,Toiboid,Batkin,CHEME,Summer,2022,Toiboid.Batkin@email.com
367,Case,Breton,CHEM,Winter,2025,Case.Breton@email.com
368,Millie,Penlington,CE,Fall,2023,Millie.Penlington@email.com
369,Tiler,Langthorne,CENG,Spring,2025,Tiler.Langthorne@email.com
370,Valeda,Longworthy,CSC,Summer,2024,Valeda.Longworthy@email.com
371,Karim,Brummell,EE,Winter,2025,Karim.Brummell@email.com
372,Cass,Whitmarsh,GEOE,Fall,2025,Cass.Whitmarsh@email.com
373,Denys,Dupre,GEO,Spring,2024,Denys.Dupre@email.com
374,Ramsey,Inggall,IS,Summer,2024,Ramsey.Inggall@email.com
375,Ava,Trussman,MATH,Winter,2024,Ava.Trussman@email.com
376,Jerrylee,Pilsworth,ME,Fall,2025,Jerrylee.Pilsworth@email.com
377,Herschel,Adrain,MET,Spring,2024,Herschel.Adrain@email.com
378,Fredericka,Nund,PHYS,Summer,2022,Fredericka.Nund@email.com
379,Morey,Dumbellow,STS,Winter,2024,Morey.Dumbellow@email.com
380,Griffin,Gresser,MINE,Fall,2025,Griffin.Gresser@email.com
381,Fairfax,Yerson,ATMO,Spring,2022,Fairfax.Yerson@email.com
382,Fifi,Minet,BIO,Summer,2025,Fifi.Minet@email.com
383,Meredith,Hanbury-Brown,BME,Winter,2023,Meredith.Hanbury-Brown@email.com
384,Rabbi,Labeuil,BMT,Fall,2022,Rabbi.Labeuil@email.com
385,Minne,Field,CHEME,Spring,2022,Minne.Field@email.com
386,Gayelord,Ber,CHEM,Summer,2022,Gayelord.Ber@email.com
387,Leese,Pochon,CE,Winter,2024,Leese.Pochon@email.com
388,Kym,Orbine,CENG,Fall,2022,Kym.Orbine@email.com
389,Lindy,Semarke,CSC,Spring,2023,Lindy.Semarke@email.com
390,Stanton,Callan,EE,Summer,2023,Stanton.Callan@email.com
391,Adolpho,Bischop,GEOE,Winter,2025,Adolpho.Bischop@email.com
392,Cleavland,Ebbers,GEO,Fall,2025,Cleavland.Ebbers@email.com
393,Zedekiah,Brayshay,IS,Spring,2025,Zedekiah.Brayshay@email.com
394,Scarlett,Law,MATH,Summer,2023,Scarlett.Law@email.com
395,Percy,Lakey,ME,Winter,2023,Percy.Lakey@email.com
396,Timmi,Torns,MET,Fall,2025,Timmi.Torns@email.com
397,Bard,Lapham,PHYS,Spring,2024,Bard.Lapham@email.com
398,Lyon,Armor,STS,Summer,2025,Lyon.Armor@email.com
399,Francesco,Shelford,MINE,Winter,2023,Francesco.Shelford@email.com
400,Gwen,Ganford,ATMO,Fall,2025,Gwen.Ganford@email.com
401,Teressa,Pauel,BIO,Spring,2022,Teressa.Pauel@email.com
402,Taber,McEvilly,BME,Summer,2025,Taber.McEvilly@email.com
403,Humberto,Handforth,BMT,Winter,2023,Humberto.Handforth@email.com
404,Jami,Dominichelli,CHEME,Fall,2023,Jami.Dominichelli@email.com
405,Mellie,Searby,CHEM,Spring,2022,Mellie.Searby@email.com
406,Felecia,Miettinen,CE,Summer,2022,Felecia.Miettinen@email.com
407,Robbyn,Gavaghan,CENG,Winter,2025,Robbyn.Gavaghan@email.com
408,Jeanette,Friett,CSC,Fall,2022,Jeanette.Friett@email.com
409,Nikolos,MacGregor,EE,Spring,2024,Nikolos.MacGregor@email.com
410,Gussi,Yurasov,GEOE,Summer,2024,Gussi.Yurasov@email.com
411,Prudence,Antonazzi,GEO,Winter,2024,Prudence.Antonazzi@email.com
412,Frayda,Collimore,IS,Fall,2025,Frayda.Collimore@email.com
413,Domenic,Haly,MATH,Spring,2024,Domenic.Haly@email.com
414,Vince,Waistell,ME,Summer,2023,Vince.Waistell@email.com
415,Marylee,Mayger,MET,Winter,2023,Marylee.Mayger@email.com
416,Rudd,Flieg,PHYS,Fall,2023,Rudd.Flieg@email.com
417,Elden,Locker,STS,Spring,2025,Elden.Locker@email.com
418,Emmery,Gronw,MINE,Summer,2025,Emmery.Gronw@email.com
419,Phyllis,Collopy,ATMO,Winter,2025,Phyllis.Collopy@email.com
420,Ginni,Hagger,BIO,Fall,2023,Ginni.Hagger@email.com
421,Ephrem,Reynoldson,BME,Spring,2024,Ephrem.Reynoldson@email.com
422,Tori,Nellen,BMT,Summer,2022,Tori.Nellen@email.com
423,Axel,Whate,CHEME,Winter,2022,Axel.Whate@email.com
424,Angelico,Harrington,CHEM,Fall,2025,Angelico.Harrington@email.com
425,Toddy,Hampshire,CE,Spring,2024,Toddy.Hampshire@email.com
426,Bonnie,Keinrat,CENG,Summer,2025,Bonnie.Keinrat@email.com
427,Aurthur,Risom,CSC,Winter,2022,Aurthur.Risom@email.com
428,Jessika,Ottey,EE,Fall,2022,Jessika.Ottey@email.com
429,Verine,Stoakley,GEOE,Spring,2024,Verine.Stoakley@email.com
430,Mariel,Copo,GEO,Summer,2022,Mariel.Copo@email.com
431,Omar,Madge,IS,Winter,2023,Omar.Madge@email.com
432,Donovan,Rhead,MATH,Fall,2022,Donovan.Rhead@email.com
433,Madel,Heatlie,ME,Spring,2024,Madel.Heatlie@email.com
434,Ardys,Romer,MET,Summer,2025,Ardys.Romer@email.com
435,Dave,Bompas,PHYS,Winter,2023,Dave.Bompas@email.com
436,Ludvig,Dominichelli,STS,Fall,2024,Ludvig.Dominichelli@email.com
437,Jeth,Switland,MINE,Spring,2024,Jeth.Switland@email.com
438,Rourke,Maharry,ATMO,Summer,2023,Rourke.Maharry@email.com
439,Wain,Warburton,BIO,Winter,2022,Wain.Warburton@email.com
440,Blondelle,Boundey,BME,Fall,2025,Blondelle.Boundey@email.com
441,Vidovic,O'Hearn,BMT,Spring,2024,Vidovic.O'Hearn@email.com
442,Wilhelm,Sergant,CHEME,Summer,2025,Wilhelm.Sergant@email.com
443,Davie,Dullaghan,CHEM,Winter,2023,Davie.Dullaghan@email.com
444,Clarine,Lagden,CE,Fall,2025,Clarine.Lagden@email.com
445,Corrine,Weinmann,CENG,Spring,2023,Corrine.Weinmann@email.com
446,Hurley,Shrieve,CSC,Summer,2024,Hurley.Shrieve@email.com
447,Zachery,Fearnill,EE,Winter,2023,Zachery.Fearnill@email.com
448,Flss,McGiveen,GEOE,Fall,2023,Flss.McGiveen@email.com
449,Constanta,Pesik,GEO,Spring,2024,Constanta.Pesik@email.com
450,Jenilee,Corragan,IS,Summer,2024,Jenilee.Corragan@email.com
451,Aluino,Delgaty,MATH,Winter,2022,Aluino.Delgaty@email.com
452,Blaire,Piesold,ME,Fall,2024,Blaire.Piesold@email.com
453,Glen,MacTurlough,MET,Spring,2024,Glen.MacTurlough@email.com
454,Paulie,Brummell,PHYS,Summer,2025,Paulie.Brummell@email.com
455,Salvidor,Cogger,STS,Winter,2024,Salvidor.Cogger@email.com
456,Lauri,Gonsalvez,MINE,Fall,2023,Lauri.Gonsalvez@email.com
457,Alexis,Glayzer,ATMO,Spring,2024,Alexis.Glayzer@email.com
458,Wallie,Michin,BIO,Summer,2024,Wallie.Michin@email.com
459,Morton,Crampin,BME,Winter,2022,Morton.Crampin@email.com
460,Fenelia,Meriott,BMT,Fall,2022,Fenelia.Meriott@email.com
461,Stanislaus,Battisson,CHEME,Spring,2024,Stanislaus.Battisson@email.com
462,Aguie,Hirjak,CHEM,Summer,2022,Aguie.Hirjak@email.com
463,Abel,Hearnshaw,CE,Winter,2023,Abel.Hearnshaw@email.com
464,Cammy,Rosenfeld,CENG,Fall,2022,Cammy.Rosenfeld@email.com
465,Asher,Charkham,CSC,Spring,2022,Asher.Charkham@email.com
466,Melanie,Laughren,EE,Summer,2025,Melanie.Laughren@email.com
467,Barrie,Antoniottii,GEOE,Winter,2023,Barrie.Antoniottii@email.com
468,Maire,Martinie,GEO,Fall,2024,Maire.Martinie@email.com
469,Lilia,Ioselev,IS,Spring,2023,Lilia.Ioselev@email.com
470,Willdon,Lofts,MATH,Summer,2023,Willdon.Lofts@email.com
471,Kalvin,Whieldon,ME,Winter,2023,Kalvin.Whieldon@email.com
472,Susanne,Sherbrook,MET,Fall,2023,Susanne.Sherbrook@email.com
473,Wayland,Garmey,PHYS,Spring,2024,Wayland.Garmey@email.com
474,Sauveur,Dachs,STS,Summer,2023,Sauveur.Dachs@email.com
475,Blaine,Sharnock,MINE,Winter,2023,Blaine.Sharnock@email.com
476,Calhoun,Clear,ATMO,Fall,2022,Calhoun.Clear@email.com
477,Tracy,MacFarlan,BIO,Spring,2024,Tracy.MacFarlan@email.com
478,Allegra,Wraxall,BME,Summer,2024,Allegra.Wraxall@email.com
479,Ardyth,Farney,BMT,Winter,2024,Ardyth.Farney@email.com
480,Eilis,Van der Mark,CHEME,Fall,2023,Eilis.Van der Mark@email.com
481,Roi,Reidshaw,CHEM,Spring,2023,Roi.Reidshaw@email.com
482,Georgi,Szantho,CE,Summer,2023,Georgi.Szantho@email.com
483,Lester,McKern,CENG,Winter,2025,Lester.McKern@email.com
484,Gretta,Craydon,CSC,Fall,2023,Gretta.Craydon@email.com
485,Aleda,Drydale,EE,Spring,2025,Aleda.Drydale@email.com
486,Katheryn,Hitzmann,GEOE,Summer,2022,Katheryn.Hitzmann@email.com
487,Adrienne,Mealham,GEO,Winter,2024,Adrienne.Mealham@email.com
488,Leupold,Oiller,IS,Fall,2023,Leupold.Oiller@email.com
489,Fenelia,Denys,MATH,Spring,2022,Fenelia.Denys@email.com
490,Friederike,Van den Velde,ME,Summer,2025,Friederike.Van den Velde@email.com
491,Nikolaos,McMylor,MET,Winter,2022,Nikolaos.McMylor@email.com
492,Belia,Dilawey,PHYS,Fall,2022,Belia.Dilawey@email.com
493,Margo,Matskiv,STS,Spring,2023,Margo.Matskiv@email.com
494,Roanna,Hucklesby,MINE,Summer,2024,Roanna.Hucklesby@email.com
495,Elladine,Ferrieres,ATMO,Winter,2024,Elladine.Ferrieres@email.com
496,Reina,Cushion,BIO,Fall,2024,Reina.Cushion@email.com
497,Edith,Raddish,BME,Spring,2025,Edith.Raddish@email.com
498,Darryl,Sighard,BMT,Summer,2024,Darryl.Sighard@email.com
499,Norah,Peasgood,CHEME,Winter,2024,Norah.Peasgood@email.com
500,Gustav,Maevela,CHEM,Fall,2024,Gustav.Maevela@email.com
501,Cristin,Dedham,CE,Spring,2024,Cristin.Dedham@email.com
502,Helli,Souten,CENG,Summer,2022,Helli.Souten@email.com
503,Donnie,Spikeings,CSC,Winter,2025,Donnie.Spikeings@email.com
504,Ericka,Brunelli,EE,Fall,2025,Ericka.Brunelli@email.com
505,Killie,Towndrow,GEOE,Spring,2023,Killie.Towndrow@email.com
506,Amara,Kingdom,GEO,Summer,2022,Amara.Kingdom@email.com
507,Henrik,Roadnight,IS,Winter,2025,Henrik.Roadnight@email.com
508,Claudell,Vallery,MATH,Fall,2025,Claudell.Vallery@email.com
509,Deva,Nesbeth,ME,Spring,2025,Deva.Nesbeth@email.com
510,Ninnette,Danson,MET,Summer,2024,Ninnette.Danson@email.com
511,Wes,Scimoni,PHYS,Winter,2022,Wes.Scimoni@email.com
512,Luz,Zavittieri,STS,Fall,2022,Luz.Zavittieri@email.com
513,Lyndel,Moxon,MINE,Spring,2025,Lyndel.Moxon@email.com
514,Kerrill,Wedlock,ATMO,Summer,2025,Kerrill.Wedlock@email.com
515,Ulrike,Coultar,BIO,Winter,2024,Ulrike.Coultar@email.com
516,Leeanne,Hurrion,BME,Fall,2025,Leeanne.Hurrion@email.com
517,Garret,Morsley,BMT,Spring,2022,Garret.Morsley@email.com
518,Codi,Ryland,CHEME,Summer,2025,Codi.Ryland@email.com
519,Woody,Adds,CHEM,Winter,2024,Woody.Adds@email.com
520,Kyla,Roubottom,CE,Fall,2025,Kyla.Roubottom@email.com
521,Cody,Bolesworth,CENG,Spring,2023,Cody.Bolesworth@email.com
522,Caty,O'Grada,CSC,Summer,2024,Caty.O'Grada@email.com
523,Cesya,Tunney,EE,Winter,2022,Cesya.Tunney@email.com
524,Devin,Becconsall,GEOE,Fall,2022,Devin.Becconsall@email.com
525,Wilbur,Dunston,GEO,Spring,2024,Wilbur.Dunston@email.com
526,Seamus,Lengthorn,IS,Summer,2024,Seamus.Lengthorn@email.com
527,Cy,Boyack,MATH,Winter,2024,Cy.Boyack@email.com
528,Giorgio,Beggio,ME,Fall,2024,Giorgio.Beggio@email.com
529,Evelyn,Hovel,MET,Spring,2022,Evelyn.Hovel@email.com
530,Leisha,Learie,PHYS,Summer,2024,Leisha.Learie@email.com
531,Mufi,Hourstan,STS,Winter,2022,Mufi.Hourstan@email.com
532,Zsa zsa,Beranek,MINE,Fall,2024,Zsa zsa.Beranek@email.com
533,Debra,Towne,ATMO,Spring,2023,Debra.Towne@email.com
534,Anselma,Inkin,BIO,Summer,2023,Anselma.Inkin@email.com
535,Bendicty,Presnall,BME,Winter,2024,Bendicty.Presnall@email.com
536,Javier,Minto,BMT,Fall,2022,Javier.Minto@email.com
537,Nat,Jan,CHEME,Spring,2024,Nat.Jan@email.com
538,Jacklin,Harmer,CHEM,Summer,2022,Jacklin.Harmer@email.com
539,Ansley,Hirtzmann,CE,Winter,2024,Ansley.Hirtzmann@email.com
540,Stesha,Feldbrin,CENG,Fall,2025,Stesha.Feldbrin@email.com
541,Tine,Farrah,CSC,Spring,2023,Tine.Farrah@email.com
542,Tuesday,Sapir,EE,Summer,2024,Tuesday.Sapir@email.com
543,Susannah,Cowing,GEOE,Winter,2023,Susannah.Cowing@email.com
544,Matthiew,Durtnall,GEO,Fall,2023,Matthiew.Durtnall@email.com
545,Constancy,Mantrup,IS,Spring,2023,Constancy.Mantrup@email.com
546,Sondra,Dorant,MATH,Summer,2022,Sondra.Dorant@email.com
547,Rea,Doward,ME,Winter,2023,Rea.Doward@email.com
548,Andriette,Scougall,MET,Fall,2025,Andriette.Scougall@email.com
549,Ysabel,Satford,PHYS,Spring,2023,Ysabel.Satford@email.com
550,Pennie,Petrecz,STS,Summer,2024,Pennie.Petrecz@email.com
551,Tootsie,Lehrian,MINE,Winter,2022,Tootsie.Lehrian@email.com
552,Raimondo,Stillert,ATMO,Fall,2022,Raimondo.Stillert@email.com
553,Colette,Lomansey,BIO,Spring,2023,Colette.Lomansey@email.com
554,Willamina,Fenelon,BME,Summer,2024,Willamina.Fenelon@email.com
555,Beatriz,Boynton,BMT,Winter,2022,Beatriz.Boynton@email.com
556,Jamima,Caston,CHEME,Fall,2023,Jamima.Caston@email.com
557,Flossy,Benne,CHEM,Spring,2024,Flossy.Benne@email.com
558,Aura,De Brett,CE,Summer,2025,Aura.De Brett@email.com
559,Timi,Daffey,CENG,Winter,2023,Timi.Daffey@email.com
560,Tyler,Andriesse,CSC,Fall,2024,Tyler.Andriesse@email.com
561,Nolly,Snodin,EE,Spring,2025,Nolly.Snodin@email.com
562,Lelia,Neame,GEOE,Summer,2025,Lelia.Neame@email.com
563,Breena,Quesne,GEO,Winter,2023,Breena.Quesne@email.com
564,Chrisy,Simnell,IS,Fall,2022,Chrisy.Simnell@email.com
565,Edita,Abramowitch,MATH,Spring,2024,Edita.Abramowitch@email.com
566,Alecia,Bolus,ME,Summer,2025,Alecia.Bolus@email.com
567,Robbyn,Polkinghorne,MET,Winter,2025,Robbyn.Polkinghorne@email.com
568,Web,Ramet,PHYS,Fall,2025,Web.Ramet@email.com
569,Emmerich,Pearne,STS,Spring,2025,Emmerich.Pearne@email.com
570,Kalle,Roglieri,MINE,Summer,2023,Kalle.Roglieri@email.com
571,Milli,Phuprate,ATMO,Winter,2022,Milli.Phuprate@email.com
572,Jeane,Dinis,BIO,Fall,2022,Jeane.Dinis@email.com
573,Horatio,Hirschmann,BME,Spring,2023,Horatio.Hirschmann@email.com
574,Duncan,Levane,BMT,Summer,2025,Duncan.Levane@email.com
575,Kathrine,Blockley,CHEME,Winter,2024,Kathrine.Blockley@email.com
576,Giacobo,Nissle,CHEM,Fall,2023,Giacobo.Nissle@email.com
577,Margery,Wyllie,CE,Spring,2022,Margery.Wyllie@email.com
578,Gilburt,Raffles,CENG,Summer,2023,Gilburt.Raffles@email.com
579,Josey,Hurtado,CSC,Winter,2025,Josey.Hurtado@email.com
580,Rosalinda,Gosby,EE,Fall,2022,Rosalinda.Gosby@email.com
581,Louie,Hourihane,GEOE,Spring,2022,Louie.Hourihane@email.com
582,Bendix,Croxton,GEO,Summer,2022,Bendix.Croxton@email.com
583,Tull,Attenbrow,IS,Winter,2023,Tull.Attenbrow@email.com
584,Eldredge,Plumstead,MATH,Fall,2023,Eldredge.Plumstead@email.com
585,Arabel,Flamank,ME,Spring,2023,Arabel.Flamank@email.com
586,Marquita,Rosenbarg,MET,Summer,2022,Marquita.Rosenbarg@email.com
587,Farrand,Grishenkov,PHYS,Winter,2022,Farrand.Grishenkov@email.com
588,Jaime,Redish,STS,Fall,2022,Jaime.Redish@email.com
589,Claudia,Suthworth,MINE,Spring,2025,Claudia.Suthworth@email.com
590,Erasmus,Sesser,ATMO,Summer,2025,Erasmus.Sesser@email.com
591,Oliy,Adamczewski,BIO,Winter,2022,Oliy.Adamczewski@email.com
592,Alexandre,Butler,BME,Fall,2025,Alexandre.Butler@email.com
593,Reggy,Giacobilio,BMT,Spring,2023,Reggy.Giacobilio@email.com
594,Jamey,Aspey,CHEME,Summer,2023,Jamey.Aspey@email.com
595,Colver,Trudgeon,CHEM,Winter,2024,Colver.Trudgeon@email.com
596,Roi,Brayfield,CE,Fall,2023,Roi.Brayfield@email.com
597,Arvy,Massen,CENG,Spring,2025,Arvy.Massen@email.com
598,Hamilton,Stollenbecker,CSC,Summer,2025,Hamilton.Stollenbecker@email.com
599,Silvie,Dyke,EE,Winter,2025,Silvie.Dyke@email.com
600,Brittan,Strettle,GEOE,Fall,2022,Brittan.Strettle@email.com
601,Maryjo,Lebreton,GEO,Spring,2024,Maryjo.Lebreton@email.com
602,Brittne,Kellen,IS,Summer,2022,Brittne.Kellen@email.com
603,Beverlee,Sandlin,MATH,Winter,2023,Beverlee.Sandlin@email.com
604,Adela,Lattimer,ME,Fall,2025,Adela.Lattimer@email.com
605,Jarid,Goschalk,MET,Spring,2023,Jarid.Goschalk@email.com
606,Kylila,Howton,PHYS,Summer,2023,Kylila.Howton@email.com
607,Brigida,Spinetti,STS,Winter,2025,Brigida.Spinetti@email.com
608,Morna,Yushkov,MINE,Fall,2022,Morna.Yushkov@email.com
609,Diane-marie,Brittin,ATMO,Spring,2023,Diane-marie.Brittin@email.com
610,Willow,Paulucci,BIO,Summer,2022,Willow.Paulucci@email.com
611,Elsworth,Waliszek,BME,Winter,2023,Elsworth.Waliszek@email.com
612,Cary,Cruddace,BMT,Fall,2022,Cary.Cruddace@email.com
613,Tabb,Brocks,CHEME,Spring,2025,Tabb.Brocks@email.com
614,Renie,Eldin,CHEM,Summer,2022,Renie.Eldin@email.com
615,Bayard,O'Heagertie,CE,Winter,2023,Bayard.O'Heagertie@email.com
616,Ber,Cristol,CENG,Fall,2024,Ber.Cristol@email.com
617,Layla,Evesque,CSC,Spring,2024,Layla.Evesque@email.com
618,Cristen,Stuck,EE,Summer,2022,Cristen.Stuck@email.com
619,Tremayne,Howen,GEOE,Winter,2025,Tremayne.Howen@email.com
620,Minette,Tuftin,GEO,Fall,2025,Minette.Tuftin@email.com
621,Sena,Brazenor,IS,Spring,2024,Sena.Brazenor@email.com
622,Egan,Bosden,MATH,Summer,2024,Egan.Bosden@email.com
623,Rozelle,Tejero,ME,Winter,2024,Rozelle.Tejero@email.com
624,Traver,Andor,MET,Fall,2024,Traver.Andor@email.com
625,Raeann,Osgordby,PHYS,Spring,2025,Raeann.Osgordby@email.com
626,Brook,Alexsandrov,STS,Summer,2022,Brook.Alexsandrov@email.com
627,Fayette,Hethron,MINE,Winter,2025,Fayette.Hethron@email.com
628,Pearle,Adam,ATMO,Fall,2024,Pearle.Adam@email.com
629,Dacie,Hanes,BIO,Spring,2025,Dacie.Hanes@email.com
630,Clementina,Loade,BME,Summer,2023,Clementina.Loade@email.com
631,Nickolaus,Culham,BMT,Winter,2024,Nickolaus.Culham@email.com
632,Arnuad,Girsch,CHEME,Fall,2023,Arnuad.Girsch@email.com
633,Gwendolyn,Jouhandeau,CHEM,Spring,2022,Gwendolyn.Jouhandeau@email.com
634,Sanders,Bullin,CE,Summer,2022,Sanders.Bullin@email.com
635,Bondie,Salvidge,CENG,Winter,2025,Bondie.Salvidge@email.com
636,Sim,Copes,CSC,Fall,2023,Sim.Copes@email.com
637,Carmella,Sperring,EE,Spring,2022,Carmella.Sperring@email.com
638,Putnem,Gras,GEOE,Summer,2025,Putnem.Gras@email.com
639,Bella,Minister,GEO,Winter,2023,Bella.Minister@email.com
640,Nedda,Talks,IS,Fall,2025,Nedda.Talks@email.com
641,Miltie,Rackam,MATH,Spring,2024,Miltie.Rackam@email.com
642,Rolland,Lugsdin,ME,Summer,2023,Rolland.Lugsdin@email.com
643,Kassi,Drummer,MET,Winter,2024,Kassi.Drummer@email.com
644,Kissie,Frears,PHYS,Fall,2023,Kissie.Frears@email.com
645,Hershel,Spurret,STS,Spring,2023,Hershel.Spurret@email.com
646,Enid,Janowicz,MINE,Summer,2025,Enid.Janowicz@email.com
647,Pepita,Cregg,ATMO,Winter,2023,Pepita.Cregg@email.com
648,Venita,Cramond,BIO,Fall,2025,Venita.Cramond@email.com
649,Emelina,O'Meara,BME,Spring,2024,Emelina.O'Meara@email.com
650,Gregor,Assante,BMT,Summer,2023,Gregor.Assante@email.com
651,Bobby,Vasilevich,CHEME,Winter,2025,Bobby.Vasilevich@email.com
652,Denise,Dyne,CHEM,Fall,2024,Denise.Dyne@email.com
653,Dorella,Bottelstone,CE,Spring,2025,Dorella.Bottelstone@email.com
654,Ker,Klausen,CENG,Summer,2024,Ker.Klausen@email.com
655,Tedmund,Buttler,CSC,Winter,2025,Tedmund.Buttler@email.com
656,Allix,Neward,EE,Fall,2022,Allix.Neward@email.com
657,Maurise,Purveys,GEOE,Spring,2025,Maurise.Purveys@email.com
658,Gayle,Hebblewhite,GEO,Summer,2023,Gayle.Hebblewhite@email.com
659,Sayre,Paxforde,IS,Winter,2022,Sayre.Paxforde@email.com
660,Mahala,Harborow,MATH,Fall,2024,Mahala.Harborow@email.com
661,Jennifer,Atwell,ME,Spring,2025,Jennifer.Atwell@email.com
662,Trina,Flegg,MET,Summer,2023,Trina.Flegg@email.com
663,Bil,Brightie,PHYS,Winter,2025,Bil.Brightie@email.com
664,Randi,Bontein,STS,Fall,2025,Randi.Bontein@email.com
665,Trumaine,Rimell,MINE,Spring,2025,Trumaine.Rimell@email.com
666,Ariel,Vasyaev,ATMO,Summer,2025,Ariel.Vasyaev@email.com
667,Zita,Lewsy,BIO,Winter,2024,Zita.Lewsy@email.com
668,Callean,Branni,BME,Fall,2024,Callean.Branni@email.com
669,Cordy,Sachno,BMT,Spring,2023,Cordy.Sachno@email.com
670,Sonnie,Paulley,CHEME,Summer,2023,Sonnie.Paulley@email.com
671,Aile,Whitland,CHEM,Winter,2025,Aile.Whitland@email.com
672,Yolande,De Bruyne,CE,Fall,2024,Yolande.De Bruyne@email.com
673,Ernie,Absolon,CENG,Spring,2022,Ernie.Absolon@email.com
674,Petr,Grund,CSC,Summer,2022,Petr.Grund@email.com
675,Elana,Canada,EE,Winter,2023,Elana.Canada@email.com
676,Brad,Westfield,GEOE,Fall,2023,Brad.Westfield@email.com
677,Jarrad,Shackell,GEO,Spring,2023,Jarrad.Shackell@email.com
678,Perrine,Soughton,IS,Summer,2025,Perrine.Soughton@email.com
679,Marna,Gorman,MATH,Winter,2024,Marna.Gorman@email.com
680,Morry,Greenhall,ME,Fall,2024,Morry.Greenhall@email.com
681,Buck,Gingles,MET,Spring,2024,Buck.Gingles@email.com
682,Lily,Alexandersen,PHYS,Summer,2024,Lily.Alexandersen@email.com
683,Fabe,Ogley,STS,Winter,2025,Fabe.Ogley@email.com
684,Vernon,McCague,MINE,Fall,2024,Vernon.McCague@email.com
685,Sharla,Meeke,ATMO,Spring,2023,Sharla.Meeke@email.com
686,Thomasina,O'Sullivan,BIO,Summer,2022,Thomasina.O'Sullivan@email.com
687,Gertie,Bliven,BME,Winter,2023,Gertie.Bliven@email.com
688,Bennett,Philbin,BMT,Fall,2024,Bennett.Philbin@email.com
689,Corrina,Lathan,CHEME,Spring,2023,Corrina.Lathan@email.com
690,Nessie,Wewell,CHEM,Summer,2025,Nessie.Wewell@email.com
691,Robby,Rubi,CE,Winter,2025,Robby.Rubi@email.com
692,Janenna,Horsley,CENG,Fall,2024,Janenna.Horsley@email.com
693,Aeriel,Lusgdin,CSC,Spring,2022,Aeriel.Lusgdin@email.com
694,Merissa,Karmel,EE,Summer,2025,Merissa.Karmel@email.com
695,Derrek,Clawson,GEOE,Winter,2023,Derrek.Clawson@email.com
696,Mattie,Auden,GEO,Fall,2023,Mattie.Auden@email.com
697,Antonella,Garriock,IS,Spring,2024,Antonella.Garriock@email.com
698,Ambrose,Osgerby,MATH,Summer,2023,Ambrose.Osgerby@email.com
699,Eleanor,Gosnay,ME,Winter,2024,Eleanor.Gosnay@email.com
700,Loren,Tease,MET,Fall,2022,Loren.Tease@email.com
701,Maddi,Stenton,PHYS,Spring,2022,Maddi.Stenton@email.com
702,Dirk,Densie,STS,Summer,2023,Dirk.Densie@email.com
703,Liesa,Giovannilli,MINE,Winter,2024,Liesa.Giovannilli@email.com
704,Aleece,Lochrie,ATMO,Fall,2025,Aleece.Lochrie@email.com
705,Fredra,Faragher,BIO,Spring,2024,Fredra.Faragher@email.com
706,Moria,Caselli,BME,Summer,2022,Moria.Caselli@email.com
707,Ichabod,McGruar,BMT,Winter,2023,Ichabod.McGruar@email.com
708,Adoree,Tompkiss,CHEME,Fall,2024,Adoree.Tompkiss@email.com
709,Cecily,Lawson,CHEM,Spring,2025,Cecily.Lawson@email.com
710,Alina,Phillimore,CE,Summer,2025,Alina.Phillimore@email.com
711,Bab,Ecclesall,CENG,Winter,2024,Bab.Ecclesall@email.com
712,Almira,Ferrone,CSC,Fall,2025,Almira.Ferrone@email.com
713,Simonette,Earry,EE,Spring,2023,Simonette.Earry@email.com
714,Lyon,Grigoire,GEOE,Summer,2023,Lyon.Grigoire@email.com
715,Neilla,Gorvette,GEO,Winter,2024,Neilla.Gorvette@email.com
716,Boot,Norquoy,IS,Fall,2023,Boot.Norquoy@email.com
717,Portia,Beebe,MATH,Spring,2022,Portia.Beebe@email.com
718,Lita,McArtan,ME,Summer,2025,Lita.McArtan@email.com
719,Jedd,Calafato,MET,Winter,2022,Jedd.Calafato@email.com
720,Barbabas,Betton,PHYS,Fall,2025,Barbabas.Betton@email.com
721,Tersina,O'Shevlin,STS,Spring,2023,Tersina.O'Shevlin@email.com
722,Hurley,Ritter,MINE,Summer,2022,Hurley.Ritter@email.com
723,Max,Whittle,ATMO,Winter,2022,Max.Whittle@email.com
724,Ralph,Burgott,BIO,Fall,2023,Ralph.Burgott@email.com
725,Jess,Sudy,BME,Spring,2025,Jess.Sudy@email.com
726,Jacquenetta,Kobierzycki,BMT,Summer,2025,Jacquenetta.Kobierzycki@email.com
727,Ketti,Iamittii,CHEME,Winter,2025,Ketti.Iamittii@email.com
728,Rubia,Northcliffe,CHEM,Fall,2023,Rubia.Northcliffe@email.com
729,Ginger,Choppen,CE,Spring,2022,Ginger.Choppen@email.com
730,Kassia,Getley,CENG,Summer,2025,Kassia.Getley@email.com
731,Celestyn,Sebley,CSC,Winter,2024,Celestyn.Sebley@email.com
732,Reena,Hargrove,EE,Fall,2024,Reena.Hargrove@email.com
733,Glenna,Ramshay,GEOE,Spring,2022,Glenna.Ramshay@email.com
734,Katti,Hitscher,GEO,Summer,2023,Katti.Hitscher@email.com
735,Karalee,Mabon,IS,Winter,2024,Karalee.Mabon@email.com
736,Hildagarde,Sewards,MATH,Fall,2025,Hildagarde.Sewards@email.com
737,Hatty,Petken,ME,Spring,2024,Hatty.Petken@email.com
738,Roderick,Gally,MET,Summer,2023,Roderick.Gally@email.com
739,Garfield,Laguerre,PHYS,Winter,2022,Garfield.Laguerre@email.com
740,Morgen,Crone,STS,Fall,2025,Morgen.Crone@email.com
741,Saree,Hawton,MINE,Spring,2025,Saree.Hawton@email.com
742,Kathie,Cornthwaite,ATMO,Summer,2024,Kathie.Cornthwaite@email.com
743,Eadmund,Yesenev,BIO,Winter,2022,Eadmund.Yesenev@email.com
744,Arri,China,BME,Fall,2024,Arri.China@email.com
745,Kira,Blackesland,BMT,Spring,2024,Kira.Blackesland@email.com
746,Cheryl,Holdron,CHEME,Summer,2023,Cheryl.Holdron@email.com
747,Anjela,Barok,CHEM,Winter,2022,Anjela.Barok@email.com
748,Woodman,Jordison,CE,Fall,2022,Woodman.Jordison@email.com
749,Jerrie,Dowty,CENG,Spring,2025,Jerrie.Dowty@email.com
750,Siouxie,Downton,CSC,Summer,2024,Siouxie.Downton@email.com
751,Blinny,Waren,EE,Winter,2022,Blinny.Waren@email.com
752,Cord,Loeber,GEOE,Fall,2025,Cord.Loeber@email.com
753,Doralynn,Leimster,GEO,Spring,2022,Doralynn.Leimster@email.com
754,Janelle,Jakubovits,IS,Summer,2023,Janelle.Jakubovits@email.com
755,Calley,Sherewood,MATH,Winter,2022,Calley.Sherewood@email.com
756,Malynda,Stoven,ME,Fall,2022,Malynda.Stoven@email.com
757,Darcy,Boichat,MET,Spring,2023,Darcy.Boichat@email.com
758,Roda,Abbets,PHYS,Summer,2023,Roda.Abbets@email.com
759,Glenn,Cogzell,STS,Winter,2022,Glenn.Cogzell@email.com
760,Hewitt,Marczyk,MINE,Fall,2023,Hewitt.Marczyk@email.com
761,Bess,Wagge,ATMO,Spring,2024,Bess.Wagge@email.com
762,Lianna,Hoffmann,BIO,Summer,2025,Lianna.Hoffmann@email.com
763,Augustina,Bromby,BME,Winter,2022,Augustina.Bromby@email.com
764,Gwyneth,Heineking,BMT,Fall,2022,Gwyneth.Heineking@email.com
765,Borden,Di Dello,CHEME,Spring,2022,Borden.Di Dello@email.com
766,Nanny,Bowden,CHEM,Summer,2024,Nanny.Bowden@email.com
767,Husain,Marusyak,CE,Winter,2024,Husain.Marusyak@email.com
768,Berky,Leyton,CENG,Fall,2024,Berky.Leyton@email.com
769,Reider,Fautly,CSC,Spring,2024,Reider.Fautly@email.com
770,Niven,Evers,EE,Summer,2024,Niven.Evers@email.com
771,Cindi,Bendix,GEOE,Winter,2024,Cindi.Bendix@email.com
772,Lucretia,Stegers,GEO,Fall,2024,Lucretia.Stegers@email.com
773,Justinian,McCarry,IS,Spring,2025,Justinian.McCarry@email.com
774,Timofei,Mouget,MATH,Summer,2023,Timofei.Mouget@email.com
775,Ethelda,Tremmil,ME,Winter,2022,Ethelda.Tremmil@email.com
776,Hali,Zeal,MET,Fall,2023,Hali.Zeal@email.com
777,Kelwin,Stean,PHYS,Spring,2024,Kelwin.Stean@email.com
778,Shayne,Georgot,STS,Summer,2024,Shayne.Georgot@email.com
779,Arlee,Anstiss,MINE,Winter,2025,Arlee.Anstiss@email.com
780,Harman,Dunklee,ATMO,Fall,2022,Harman.Dunklee@email.com
781,Edita,O'Heneghan,BIO,Spring,2022,Edita.O'Heneghan@email.com
782,Cristina,Meneely,BME,Summer,2024,Cristina.Meneely@email.com
783,Hewet,Mulvaney,BMT,Winter,2022,Hewet.Mulvaney@email.com
784,Dyanna,Vanstone,CHEME,Fall,2025,Dyanna.Vanstone@email.com
785,Stafani,Hattoe,CHEM,Spring,2022,Stafani.Hattoe@email.com
786,Ignacius,Aspray,CE,Summer,2024,Ignacius.Aspray@email.com
787,Tiebold,Zanni,CENG,Winter,2023,Tiebold.Zanni@email.com
788,Findley,Ollivier,CSC,Fall,2024,Findley.Ollivier@email.com
789,Gar,McInnes,EE,Spring,2022,Gar.McInnes@email.com
790,Yank,Shanley,GEOE,Summer,2024,Yank.Shanley@email.com
791,Jackquelin,Danilchik,GEO,Winter,2023,Jackquelin.Danilchik@email.com
792,Fowler,Helwig,IS,Fall,2024,Fowler.Helwig@email.com
793,Ignaz,Moxom,MATH,Spring,2025,Ignaz.Moxom@email.com
794,Nancy,Butterworth,ME,Summer,2025,Nancy.Butterworth@email.com
795,Brittani,Janik,MET,Winter,2025,Brittani.Janik@email.com
796,Lynda,Goomes,PHYS,Fall,2023,Lynda.Goomes@email.com
797,Zorine,O'Looney,STS,Spring,2022,Zorine.O'Looney@email.com
798,Jillane,Rachuig,MINE,Summer,2024,Jillane.Rachuig@email.com
799,Wynne,Grewcock,ATMO,Winter,2025,Wynne.Grewcock@email.com
800,Nealon,Keyson,BIO,Fall,2022,Nealon.Keyson@email.com
801,Alanah,Moulsdall,BME,Spring,2025,Alanah.Moulsdall@email.com
802,Nico,Whetton,BMT,Summer,2025,Nico.Whetton@email.com
803,Mohandis,Haken,CHEME,Winter,2022,Mohandis.Haken@email.com
804,Seth,Bertram,CHEM,Fall,2025,Seth.Bertram@email.com
805,Christan,Gregore,CE,Spring,2022,Christan.Gregore@email.com
806,Dona,Ferrarone,CENG,Summer,2024,Dona.Ferrarone@email.com
807,Jan,Comer,CSC,Winter,2023,Jan.Comer@email.com
808,Christabel,Robinson,EE,Fall,2023,Christabel.Robinson@email.com
809,Giuditta,Larkins,GEOE,Spring,2025,Giuditta.Larkins@email.com
810,Clo,Allison,GEO,Summer,2022,Clo.Allison@email.com
811,Janey,Thew,IS,Winter,2024,Janey.Thew@email.com
812,Harriot,Edmonson,MATH,Fall,2024,Harriot.Edmonson@email.com
813,Joeann,Wisdom,ME,Spring,2022,Joeann.Wisdom@email.com
814,Jacky,MacFarlane,MET,Summer,2025,Jacky.MacFarlane@email.com
815,Hobart,MacIntyre,PHYS,Winter,2023,Hobart.MacIntyre@email.com
816,Onida,Kluss,STS,Fall,2022,Onida.Kluss@email.com
817,Lambert,Hyett,MINE,Spring,2024,Lambert.Hyett@email.com
818,Antonietta,Gravenell,ATMO,Summer,2022,Antonietta.Gravenell@email.com
819,Simona,Hanscom,BIO,Winter,2022,Simona.Hanscom@email.com
820,Anica,Kees,BME,Fall,2023,Anica.Kees@email.com
821,Allie,Merryweather,BMT,Spring,2025,Allie.Merryweather@email.com
822,Orville,Flecknoe,CHEME,Summer,2024,Orville.Flecknoe@email.com
823,Kala,Vanini,CHEM,Winter,2025,Kala.Vanini@email.com
824,Rosemarie,Freak,CE,Fall,2024,Rosemarie.Freak@email.com
825,Lowrance,Poat,CENG,Spring,2022,Lowrance.Poat@email.com
826,Layne,Straughan,CSC,Summer,2024,Layne.Straughan@email.com
827,Rozele,Tonry,EE,Winter,2025,Rozele.Tonry@email.com
828,Peterus,Skitterel,GEOE,Fall,2025,Peterus.Skitterel@email.com
829,Meade,Tanton,GEO,Spring,2024,Meade.Tanton@email.com
830,Johannah,Kalkofer,IS,Summer,2025,Johannah.Kalkofer@email.com
831,Sorcha,Pepi,MATH,Winter,2023,Sorcha.Pepi@email.com
832,Gibby,Brunesco,ME,Fall,2022,Gibby.Brunesco@email.com
833,Barrie,Charrington,MET,Spring,2025,Barrie.Charrington@email.com
834,Raffarty,Simmen,PHYS,Summer,2022,Raffarty.Simmen@email.com
835,Juana,Tydeman,STS,Winter,2025,Juana.Tydeman@email.com
836,Amble,Keyme,MINE,Fall,2025,Amble.Keyme@email.com
837,Sibeal,Caen,ATMO,Spring,2024,Sibeal.Caen@email.com
838,Nev,Espie,BIO,Summer,2022,Nev.Espie@email.com
839,Falkner,Sargint,BME,Winter,2024,Falkner.Sargint@email.com
840,Ossie,Dyshart,BMT,Fall,2023,Ossie.Dyshart@email.com
841,Val,Currall,CHEME,Spring,2022,Val.Currall@email.com
842,Rachelle,Naerup,CHEM,Summer,2025,Rachelle.Naerup@email.com
843,Evan,Sprowell,CE,Winter,2022,Evan.Sprowell@email.com
844,Trescha,Crichten,CENG,Fall,2023,Trescha.Crichten@email.com
845,Guthrey,De Cruce,CSC,Spring,2023,Guthrey.De Cruce@email.com
846,Consuelo,Emburey,EE,Summer,2023,Consuelo.Emburey@email.com
847,Brander,O' Faherty,GEOE,Winter,2022,Brander.O' Faherty@email.com
848,Chrissie,Cressy,GEO,Fall,2023,Chrissie.Cressy@email.com
849,Skylar,Liepins,IS,Spring,2025,Skylar.Liepins@email.com
850,Hermie,Trayte,MATH,Summer,2025,Hermie.Trayte@email.com
851,Laetitia,Brocks,ME,Winter,2024,Laetitia.Brocks@email.com
852,Miller,Becerra,MET,Fall,2023,Miller.Becerra@email.com
853,Margarette,Borzone,PHYS,Spring,2025,Margarette.Borzone@email.com
854,Ailbert,Bergin,STS,Summer,2024,Ailbert.Bergin@email.com
855,Orelle,Field,MINE,Winter,2025,Orelle.Field@email.com
856,Melania,Moodey,ATMO,Fall,2022,Melania.Moodey@email.com
857,Justinn,Selbie,BIO,Spring,2025,Justinn.Selbie@email.com
858,Deva,Provis,BME,Summer,2022,Deva.Provis@email.com
859,Helene,Blue,BMT,Winter,2023,Helene.Blue@email.com
860,Ginnie,Aleksich,CHEME,Fall,2025,Ginnie.Aleksich@email.com
861,Becki,Hartgill,CHEM,Spring,2022,Becki.Hartgill@email.com
862,Che,Reglar,CE,Summer,2024,Che.Reglar@email.com
863,Amity,Kubyszek,CENG,Winter,2024,Amity.Kubyszek@email.com
864,Garret,Henriet,CSC,Fall,2025,Garret.Henriet@email.com
865,Olvan,Trengove,EE,Spring,2024,Olvan.Trengove@email.com
866,Herculie,Jereatt,GEOE,Summer,2025,Herculie.Jereatt@email.com
867,Shirley,MacDonogh,GEO,Winter,2025,Shirley.MacDonogh@email.com
868,Rudy,Janosevic,IS,Fall,2025,Rudy.Janosevic@email.com
869,Saunders,McCourt,MATH,Spring,2024,Saunders.McCourt@email.com
870,Deb,Falkner,ME,Summer,2025,Deb.Falkner@email.com
871,Justus,McGenis,MET,Winter,2022,Justus.McGenis@email.com
872,Atlanta,Balnave,PHYS,Fall,2023,Atlanta.Balnave@email.com
873,Montgomery,Holah,STS,Spring,2023,Montgomery.Holah@email.com
874,Abner,Aldham,MINE,Summer,2023,Abner.Aldham@email.com
875,Adamo,Kubista,ATMO,Winter,2024,Adamo.Kubista@email.com
876,Martguerita,Kealey,BIO,Fall,2022,Martguerita.Kealey@email.com
877,Adeline,Sherrington,BME,Spring,2025,Adeline.Sherrington@email.com
878,Sheelagh,Hegge,BMT,Summer,2022,Sheelagh.Hegge@email.com
879,Cobb,Butting,CHEME,Winter,2022,Cobb.Butting@email.com
880,Adolphus,Cambridge,CHEM,Fall,2022,Adolphus.Cambridge@email.com
881,Aloin,Gerrill,CE,Spring,2025,Aloin.Gerrill@email.com
882,Nathanael,Bandey,CENG,Summer,2023,Nathanael.Bandey@email.com
883,Fionna,Darke,CSC,Winter,2023,Fionna.Darke@email.com
884,Davina,Dobsons,EE,Fall,2023,Davina.Dobsons@email.com
885,Dionne,Abramovitch,GEOE,Spring,2024,Dionne.Abramovitch@email.com
886,Evyn,Farnorth,GEO,Summer,2024,Evyn.Farnorth@email.com
887,Monroe,Gemmell,IS,Winter,2024,Monroe.Gemmell@email.com
888,Sada,Arrowsmith,MATH,Fall,2023,Sada.Arrowsmith@email.com
889,Inger,Crowcher,ME,Spring,2023,Inger.Crowcher@email.com
890,Tabby,Bowne,MET,Summer,2024,Tabby.Bowne@email.com
891,Benny,Harkess,PHYS,Winter,2025,Benny.Harkess@email.com
892,Naoma,Rubinovitsch,STS,Fall,2022,Naoma.Rubinovitsch@email.com
893,Denny,Fruser,MINE,Spring,2022,Denny.Fruser@email.com
894,Radcliffe,Amburgy,ATMO,Summer,2023,Radcliffe.Amburgy@email.com
895,Gaynor,Birrane,BIO,Winter,2022,Gaynor.Birrane@email.com
896,Carline,Warlowe,BME,Fall,2025,Carline.Warlowe@email.com
897,Maisie,Medway,BMT,Spring,2022,Maisie.Medway@email.com
898,Doralyn,Palleske,CHEME,Summer,2024,Doralyn.Palleske@email.com
899,Fletch,Featenby,CHEM,Winter,2025,Fletch.Featenby@email.com
900,Lida,Byars,CE,Fall,2025,Lida.Byars@email.com
901,Genni,O'Cooney,CENG,Spring,2023,Genni.O'Cooney@email.com
902,Chaddy,Tosdevin,CSC,Summer,2022,Chaddy.Tosdevin@email.com
903,Chadwick,Holley,EE,Winter,2023,Chadwick.Holley@email.com
904,Appolonia,Acum,GEOE,Fall,2025,Appolonia.Acum@email.com
905,June,Blakebrough,GEO,Spring,2025,June.Blakebrough@email.com
906,Dori,Marran,IS,Summer,2022,Dori.Marran@email.com
907,Timoteo,Rathbourne,MATH,Winter,2022,Timoteo.Rathbourne@email.com
908,Dalenna,Brunton,ME,Fall,2022,Dalenna.Brunton@email.com
909,Karrie,Bruyett,MET,Spring,2023,Karrie.Bruyett@email.com
910,Domingo,Shaddock,PHYS,Summer,2025,Domingo.Shaddock@email.com
911,Rivalee,Quirke,STS,Winter,2025,Rivalee.Quirke@email.com
912,Nevsa,Coopman,MINE,Fall,2022,Nevsa.Coopman@email.com
913,Andonis,Forrest,ATMO,Spring,2025,Andonis.Forrest@email.com
914,Smitty,Dearlove,BIO,Summer,2025,Smitty.Dearlove@email.com
915,Shelagh,Bergeau,BME,Winter,2023,Shelagh.Bergeau@email.com
916,Gerty,Blazejewski,BMT,Fall,2024,Gerty.Blazejewski@email.com
917,Cesare,Kinghorne,CHEME,Spring,2022,Cesare.Kinghorne@email.com
918,Mathilde,Andrus,CHEM,Summer,2024,Mathilde.Andrus@email.com
919,Eal,McGilben,CE,Winter,2024,Eal.McGilben@email.com
920,Doralia,Ferguson,CENG,Fall,2023,Doralia.Ferguson@email.com
921,Riobard,Reisenberg,CSC,Spring,2024,Riobard.Reisenberg@email.com
922,Ewen,Costellow,EE,Summer,2022,Ewen.Costellow@email.com
923,Carlynn,Baldini,GEOE,Winter,2025,Carlynn.Baldini@email.com
924,Justus,Cowpertwait,GEO,Fall,2023,Justus.Cowpertwait@email.com
925,Erica,Sellan,IS,Spring,2022,Erica.Sellan@email.com
926,Inge,Tift,MATH,Summer,2023,Inge.Tift@email.com
927,Klara,O'Lagen,ME,Winter,2025,Klara.O'Lagen@email.com
928,Ardith,Flamank,MET,Fall,2025,Ardith.Flamank@email.com
929,Walsh,McLukie,PHYS,Spring,2023,Walsh.McLukie@email.com
930,Quinton,Coate,STS,Summer,2025,Quinton.Coate@email.com
931,Melvyn,Trusler,MINE,Winter,2024,Melvyn.Trusler@email.com
932,Easter,Coda,ATMO,Fall,2023,Easter.Coda@email.com
933,Don,Caton,BIO,Spring,2025,Don.Caton@email.com
934,Cleopatra,Tubbs,BME,Summer,2022,Cleopatra.Tubbs@email.com
935,Gabrila,Edelston,BMT,Winter,2024,Gabrila.Edelston@email.com
936,Nicolis,Decort,CHEME,Fall,2025,Nicolis.Decort@email.com
937,Nicki,Walkden,CHEM,Spring,2023,Nicki.Walkden@email.com
938,Trina,Grimsley,CE,Summer,2024,Trina.Grimsley@email.com
939,Emilee,Ingle,CENG,Winter,2023,Emilee.Ingle@email.com
940,Iver,Wayper,CSC,Fall,2022,Iver.Wayper@email.com
941,Tootsie,Gerrans,EE,Spring,2023,Tootsie.Gerrans@email.com
942,Boyd,Caltera,GEOE,Summer,2025,Boyd.Caltera@email.com
943,Moishe,Frood,GEO,Winter,2024,Moishe.Frood@email.com
944,Bren,Volker,IS,Fall,2025,Bren.Volker@email.com
945,Dory,Crewes,MATH,Spring,2022,Dory.Crewes@email.com
946,Abigael,O'Corr,ME,Summer,2022,Abigael.O'Corr@email.com
947,Katie,Frisel,MET,Winter,2022,Katie.Frisel@email.com
948,Annecorinne,Lufkin,PHYS,Fall,2023,Annecorinne.Lufkin@email.com
949,Harri,Lushey,STS,Spring,2024,Harri.Lushey@email.com
950,Gabriella,Jezzard,MINE,Summer,2023,Gabriella.Jezzard@email.com
951,Rene,Moores,ATMO,Winter,2023,Rene.Moores@email.com
952,Delmore,Dericot,BIO,Fall,2023,Delmore.Dericot@email.com
953,Doria,Blick,BME,Spring,2023,Doria.Blick@email.com
954,Pat,Leonarde,BMT,Summer,2025,Pat.Leonarde@email.com
955,Jeri,Ruskin,CHEME,Winter,2025,Jeri.Ruskin@email.com
956,Rufe,Whiteway,CHEM,Fall,2023,Rufe.Whiteway@email.com
957,Addie,Argabrite,CE,Spring,2022,Addie.Argabrite@email.com
958,Lucky,Whittleton,CENG,Summer,2023,Lucky.Whittleton@email.com
959,Flossy,Lorans,CSC,Winter,2022,Flossy.Lorans@email.com
960,Pietrek,Ogdahl,EE,Fall,2025,Pietrek.Ogdahl@email.com
961,Adriena,Ramalho,GEOE,Spring,2023,Adriena.Ramalho@email.com
962,Wilbur,Waddie,GEO,Summer,2024,Wilbur.Waddie@email.com
963,Analise,Samsin,IS,Winter,2025,Analise.Samsin@email.com
964,Tracie,Moakson,MATH,Fall,2025,Tracie.Moakson@email.com
965,Immanuel,Asaaf,ME,Spring,2025,Immanuel.Asaaf@email.com
966,Arel,Dagworthy,MET,Summer,2023,Arel.Dagworthy@email.com
967,Gabbie,Molines,PHYS,Winter,2023,Gabbie.Molines@email.com
968,Ninnetta,Halle,STS,Fall,2024,Ninnetta.Halle@email.com
969,Annis,Davis,MINE,Spring,2023,Annis.Davis@email.com
970,Thalia,Louche,ATMO,Summer,2022,Thalia.Louche@email.com
971,Sileas,Broxton,BIO,Winter,2025,Sileas.Broxton@email.com
972,Demetrius,Pullan,BME,Fall,2025,Demetrius.Pullan@email.com
973,Johannes,Talton,BMT,Spring,2023,Johannes.Talton@email.com
974,Billie,Saw,CHEME,Summer,2023,Billie.Saw@email.com
975,Liza,Iliffe,CHEM,Winter,2024,Liza.Iliffe@email.com
976,Cally,Ottawell,CE,Fall,2024,Cally.Ottawell@email.com
977,Else,Summerfield,CENG,Spring,2025,Else.Summerfield@email.com
978,Wald,Luberti,CSC,Summer,2024,Wald.Luberti@email.com
979,Madeleine,Domesday,EE,Winter,2025,Madeleine.Domesday@email.com
980,Arabelle,Banfield,GEOE,Fall,2024,Arabelle.Banfield@email.com
981,Adrienne,Gardiner,GEO,Spring,2022,Adrienne.Gardiner@email.com
982,Hilary,Enos,IS,Summer,2023,Hilary.Enos@email.com
983,Jobyna,Moxson,MATH,Winter,2022,Jobyna.Moxson@email.com
984,Inge,McKleod,ME,Fall,2024,Inge.McKleod@email.com
985,Cal,Clowes,MET,Spring,2023,Cal.Clowes@email.com
986,Jackie,Farrow,PHYS,Summer,2025,Jackie.Farrow@email.com
987,Giovanna,Lydford,STS,Winter,2024,Giovanna.Lydford@email.com
988,Alma,Capp,MINE,Fall,2025,Alma.Capp@email.com
989,Mariette,Arlow,ATMO,Spring,2024,Mariette.Arlow@email.com
990,Deborah,Longhorne,BIO,Summer,2022,Deborah.Longhorne@email.com
991,Barry,Stebbings,BME,Winter,2022,Barry.Stebbings@email.com
992,Ellary,Levane,BMT,Fall,2022,Ellary.Levane@email.com
993,Erda,Binnion,CHEME,Spring,2024,Erda.Binnion@email.com
994,Gun,Faill,CHEM,Summer,2023,Gun.Faill@email.com
995,Jilleen,Izakof,CE,Winter,2025,Jilleen.Izakof@email.com
996,Jade,Tipler,CENG,Fall,2025,Jade.Tipler@email.com
997,Ambrosi,Ackred,CSC,Spring,2025,Ambrosi.Ackred@email.com
998,Fabe,O'Mara,EE,Summer,2023,Fabe.O'Mara@email.com
999,Salomo,Gammack,GEOE,Winter,2025,Salomo.Gammack@email.com
1000,Quent,Tinston,GEO,Fall,2024,Quent.Tinston@email.com
